class	test	detail
EQUAL	A0_FactDetail_suite___expected_rows	
SPELLING	A1_FactRollup_suite___expected_rows	
EQUAL	AA_BrokerageTierCounts_suite___expected_rows	
EQUAL	AA_BusinessUnitCounts_suite___expected_rows	
EQUAL	AA_CcMarketCounts_suite___expected_rows	
EQUAL	AA_CfxRateCounts_suite___expected_rows	
EQUAL	AA_CgBlocCounts_suite___expected_rows	
EQUAL	AA_CgSubRegionCounts_suite___expected_rows	
EQUAL	AA_CgTimeZoneCounts_suite___expected_rows	
EQUAL	AA_ClearingRouteCounts_suite___expected_rows	
EQUAL	AA_CtnTenorLadderCounts_suite___expected_rows	
EQUAL	AA_CurvesYieldCurveCounts_suite___expected_rows	
EQUAL	AA_DebtSecurityCounts_suite___expected_rows	
EQUAL	AA_ExemptionRuleCounts_suite___expected_rows	
EQUAL	AA_FeeProductCounts_suite___expected_rows	
EQUAL	AA_FeeTierCounts_suite___expected_rows	
EQUAL	AA_IdxIndexFamilyCounts_suite___expected_rows	
EQUAL	AA_IdxProviderCounts_suite___expected_rows	
EQUAL	AA_IdxTrackingFundCounts_suite___expected_rows	
EQUAL	AA_MTDPnLCounts_suite___expected_rows	
EQUAL	AA_MarketRiskFactorCounts_suite___expected_rows	
EQUAL	AA_MarketStressScenarioCounts_suite___expected_rows	
EQUAL	AA_PortfolioCounts_suite___expected_rows	
EQUAL	AA_ProductsInstrumentCounts_suite___expected_rows	
EQUAL	AA_SalesPersonCounts_suite___expected_rows	
EQUAL	AA_SettlementNettingCounts_suite___expected_rows	
EQUAL	AA_ThresholdBandCounts_suite___expected_rows	
EQUAL	AA_TimeSeriesCounts_suite___expected_rows	
EQUAL	AA_TradeCounts_suite___expected_rows	
EQUAL	AA_TraderCounts_suite___expected_rows	
EQUAL	ACCTX_All_suite___expected_rows	
EQUAL	ACCTX_ClearingAccount_suite___expected_rows	
EQUAL	ACCTX_ClientCashAccount_suite___expected_rows	
EQUAL	ACCTX_ClientSecuritiesAccount_suite___expected_rows	
EQUAL	ACCTX_CollateralAccount_suite___expected_rows	
EQUAL	ACCTX_CustodyAccount_suite___expected_rows	
EQUAL	ACCTX_ErrorAccount_suite___expected_rows	
EQUAL	ACCTX_FeeAccount_suite___expected_rows	
EQUAL	ACCTX_FirmCashAccount_suite___expected_rows	
EQUAL	ACCTX_FirmSecuritiesAccount_suite___expected_rows	
EQUAL	ACCTX_HedgeAccount_suite___expected_rows	
EQUAL	ACCTX_MarginAccount_suite___expected_rows	
EQUAL	ACCTX_NostroAccountType_suite___expected_rows	
EQUAL	ACCTX_OmnibusAccount_suite___expected_rows	
EQUAL	ACCTX_ProprietaryTradingAccount_suite___expected_rows	
EQUAL	ACCTX_SegregatedAccount_suite___expected_rows	
EQUAL	ACCTX_SettlementAccount_suite___expected_rows	
EQUAL	ACCTX_SuspenseAccount_suite___expected_rows	
EQUAL	ACCTX_TaxAccount_suite___expected_rows	
EQUAL	ACCTX_TriPartyAccount_suite___expected_rows	
EQUAL	ACCTX_VostroAccountType_suite___expected_rows	
EQUAL	ACCX_AlgorithmicAccessArrangement_suite___expected_rows	
EQUAL	ACCX_All_suite___expected_rows	
EQUAL	ACCX_CareOrderArrangement_suite___expected_rows	
EQUAL	ACCX_CrossBorderAccessArrangement_suite___expected_rows	
EQUAL	ACCX_DirectExchangeMembership_suite___expected_rows	
EQUAL	ACCX_DirectMarketAccess_suite___expected_rows	
EQUAL	ACCX_GeneralClearingMemberService_suite___expected_rows	
EQUAL	ACCX_GiveUpArrangement_suite___expected_rows	
EQUAL	ACCX_IndirectClearingArrangement_suite___expected_rows	
EQUAL	ACCX_IndividuallySegregatedAccount_suite___expected_rows	
EQUAL	ACCX_NetOmnibusAccount_suite___expected_rows	
EQUAL	ACCX_OmnibusSegregatedAccount_suite___expected_rows	
EQUAL	ACCX_PortingArrangement_suite___expected_rows	
EQUAL	ACCX_PrincipalFillArrangement_suite___expected_rows	
EQUAL	ACCX_RiskFreePrincipalCross_suite___expected_rows	
EQUAL	ACCX_SponsoredAccess_suite___expected_rows	
EQUAL	ACCX_SuspendedAccessArrangement_suite___expected_rows	
EQUAL	AUDX_All_suite___expected_rows	
EQUAL	AUDX_ClosedUnverifiedFinding_suite___expected_rows	
EQUAL	AUDX_ClosedVerifiedFinding_suite___expected_rows	
EQUAL	AUDX_ControlDesignDeficiency_suite___expected_rows	
EQUAL	AUDX_ControlOperatingDeficiency_suite___expected_rows	
EQUAL	AUDX_CriticalFinding_suite___expected_rows	
EQUAL	AUDX_DataQualityFinding_suite___expected_rows	
EQUAL	AUDX_ExtendedRemediationAction_suite___expected_rows	
EQUAL	AUDX_HighRiskFinding_suite___expected_rows	
EQUAL	AUDX_LowRiskFinding_suite___expected_rows	
EQUAL	AUDX_MatterRequiringAttention_suite___expected_rows	
EQUAL	AUDX_MediumRiskFinding_suite___expected_rows	
EQUAL	AUDX_OverdueRemediationAction_suite___expected_rows	
EQUAL	AUDX_RepeatFinding_suite___expected_rows	
EQUAL	AUDX_RiskAcceptedFinding_suite___expected_rows	
EQUAL	AUDX_SelfIdentifiedIssue_suite___expected_rows	
EQUAL	AUDX_ThematicReviewFinding_suite___expected_rows	
EQUAL	B0_RatingAsBelievedThen_suite___expected_rows	
EQUAL	B1_RatingAsBelievedNow_suite___expected_rows	
EQUAL	B2_RatingBeforeAnyBelief_suite___expected_rows	
EQUAL	BK0_TieredBrokerage_suite___expected_rows	
EQUAL	BK1_BrokerageBands_suite___expected_rows	
EQUAL	BK2_ClearingRoutes_suite___expected_rows	
EQUAL	BK3_RoutingRules_suite___expected_rows	
EQUAL	BKLX_All_suite___expected_rows	
EQUAL	BKLX_BackToBackBooking_suite___expected_rows	
EQUAL	BKLX_CaymanSpecialPurposeVehicle_suite___expected_rows	
EQUAL	BKLX_EuSubsidiary_suite___expected_rows	
EQUAL	BKLX_HongKongBranch_suite___expected_rows	
EQUAL	BKLX_IrelandEntity_suite___expected_rows	
EQUAL	BKLX_JapanBranch_suite___expected_rows	
EQUAL	BKLX_LuxembourgEntity_suite___expected_rows	
EQUAL	BKLX_MirrorBooking_suite___expected_rows	
EQUAL	BKLX_RemoteBookingArrangement_suite___expected_rows	
EQUAL	BKLX_RunOffEntity_suite___expected_rows	
EQUAL	BKLX_SingaporeBranch_suite___expected_rows	
EQUAL	BKLX_SwissEntity_suite___expected_rows	
EQUAL	BKLX_UkBranch_suite___expected_rows	
EQUAL	BKLX_UkSubsidiary_suite___expected_rows	
EQUAL	BKLX_UsBranch_suite___expected_rows	
EQUAL	BKLX_UsIntermediateHoldingCompany_suite___expected_rows	
EQUAL	BMKX_All_suite___expected_rows	
EQUAL	BMKX_BloombergAggregateIndex_suite___expected_rows	
EQUAL	BMKX_BloombergCommodityIndex_suite___expected_rows	
EQUAL	BMKX_Cac40Index_suite___expected_rows	
EQUAL	BMKX_CdxInvestmentGradeIndex_suite___expected_rows	
EQUAL	BMKX_DaxIndex_suite___expected_rows	
EQUAL	BMKX_EuroStoxx50Index_suite___expected_rows	
EQUAL	BMKX_Ftse100Index_suite___expected_rows	
EQUAL	BMKX_GoldmanSachsCommodityIndex_suite___expected_rows	
EQUAL	BMKX_HangSengIndex_suite___expected_rows	
EQUAL	BMKX_IboxxEuroCorporateIndex_suite___expected_rows	
EQUAL	BMKX_IceBofaHighYieldIndex_suite___expected_rows	
EQUAL	BMKX_ItraxxEuropeIndex_suite___expected_rows	
EQUAL	BMKX_MoveIndex_suite___expected_rows	
EQUAL	BMKX_MsciEmergingMarketsIndex_suite___expected_rows	
EQUAL	BMKX_MsciWorldIndex_suite___expected_rows	
EQUAL	BMKX_Nasdaq100Index_suite___expected_rows	
EQUAL	BMKX_Nikkei225Index_suite___expected_rows	
EQUAL	BMKX_Russell2000Index_suite___expected_rows	
EQUAL	BMKX_SandP500Index_suite___expected_rows	
EQUAL	BMKX_SofrIndex_suite___expected_rows	
EQUAL	BMKX_TopixIndex_suite___expected_rows	
EQUAL	BMKX_VixIndex_suite___expected_rows	
EQUAL	BNKX_All_suite___expected_rows	
EQUAL	BNKX_AssetFinanceAgreement_suite___expected_rows	
EQUAL	BNKX_BuyToLetMortgage_suite___expected_rows	
EQUAL	BNKX_CommercialMortgage_suite___expected_rows	
EQUAL	BNKX_CreditCardFacility_suite___expected_rows	
EQUAL	BNKX_CurrentAccount_suite___expected_rows	
EQUAL	BNKX_FixedRateMortgage_suite___expected_rows	
EQUAL	BNKX_FixedTermDeposit_suite___expected_rows	
EQUAL	BNKX_InstantAccessSavings_suite___expected_rows	
EQUAL	BNKX_InvoiceFinanceFacility_suite___expected_rows	
EQUAL	BNKX_NoticeSavingsAccount_suite___expected_rows	
EQUAL	BNKX_OffsetMortgage_suite___expected_rows	
EQUAL	BNKX_OverdraftFacility_suite___expected_rows	
EQUAL	BNKX_PersonalLoan_suite___expected_rows	
EQUAL	BNKX_RevolvingCreditFacility_suite___expected_rows	
EQUAL	BNKX_SmeTermLoan_suite___expected_rows	
EQUAL	BNKX_TrackerMortgage_suite___expected_rows	
EQUAL	BO0_PaymentBlotter_suite___expected_rows	
EQUAL	BO1_Reconciliation_suite___expected_rows	
EQUAL	BO2_ValueDateBreaks_suite___expected_rows	
EQUAL	BO3_StandingInstructions_suite___expected_rows	
EQUAL	BO4_CashByCurrency_suite___expected_rows	
EQUAL	BO5_NostroAccounts_suite___expected_rows	
EQUAL	BSIX_All_suite___expected_rows	
EQUAL	BSIX_CapitalisedSoftware_suite___expected_rows	
EQUAL	BSIX_CustomerDepositLiability_suite___expected_rows	
EQUAL	BSIX_DeferredTaxAsset_suite___expected_rows	
EQUAL	BSIX_DerivativeAsset_suite___expected_rows	
EQUAL	BSIX_DerivativeLiability_suite___expected_rows	
EQUAL	BSIX_GoodwillAsset_suite___expected_rows	
EQUAL	BSIX_HighQualityLiquidAssetLevel1_suite___expected_rows	
EQUAL	BSIX_HighQualityLiquidAssetLevel2a_suite___expected_rows	
EQUAL	BSIX_LitigationProvision_suite___expected_rows	
EQUAL	BSIX_LoansAtAmortisedCost_suite___expected_rows	
EQUAL	BSIX_LoansAtFvoci_suite___expected_rows	
EQUAL	BSIX_NonControllingInterest_suite___expected_rows	
EQUAL	BSIX_PensionSchemeSurplus_suite___expected_rows	
EQUAL	BSIX_ReverseRepoAsset_suite___expected_rows	
EQUAL	BSIX_RightOfUseAsset_suite___expected_rows	
EQUAL	BSIX_TradingAssets_suite___expected_rows	
EQUAL	BTRX_All_suite___expected_rows	
EQUAL	BTRX_BenchmarkreformConsentSolicitation_suite___expected_rows	
EQUAL	BTRX_CompoundedInArrears_suite___expected_rows	
EQUAL	BTRX_CreditAdjustmentSpread_suite___expected_rows	
EQUAL	BTRX_EstrAdoption_suite___expected_rows	
EQUAL	BTRX_FallbackTriggerEvent_suite___expected_rows	
EQUAL	BTRX_IsdaFallbackProtocol_suite___expected_rows	
EQUAL	BTRX_LiborCessationEvent_suite___expected_rows	
EQUAL	BTRX_LookbackConvention_suite___expected_rows	
EQUAL	BTRX_ObservationShiftConvention_suite___expected_rows	
EQUAL	BTRX_SofrAdoption_suite___expected_rows	
EQUAL	BTRX_SoniaAdoption_suite___expected_rows	
EQUAL	BTRX_SyntheticLiborSetting_suite___expected_rows	
EQUAL	BTRX_TermRiskFreeRate_suite___expected_rows	
EQUAL	BTRX_TonaAdoption_suite___expected_rows	
EQUAL	BTRX_ToughLegacyContract_suite___expected_rows	
EQUAL	BTRX_TransitionBasisSwap_suite___expected_rows	
EQUAL	CAPX_AdditionalTier1Perpetual_suite___expected_rows	
EQUAL	CAPX_All_suite___expected_rows	
EQUAL	CAPX_CapitalBufferRequirement_suite___expected_rows	
EQUAL	CAPX_ContingentConvertible_suite___expected_rows	
EQUAL	CAPX_DatedTier2_suite___expected_rows	
EQUAL	CAPX_DeferredTaxDeduction_suite___expected_rows	
EQUAL	CAPX_GoodwillDeduction_suite___expected_rows	
EQUAL	CAPX_GrandfatheredInstrument_suite___expected_rows	
EQUAL	CAPX_HoldcoSenior_suite___expected_rows	
EQUAL	CAPX_MinorityInterestItem_suite___expected_rows	
EQUAL	CAPX_OrdinaryShareCapital_suite___expected_rows	
EQUAL	CAPX_PerpetualTier2_suite___expected_rows	
EQUAL	CAPX_PrudentialFilterItem_suite___expected_rows	
EQUAL	CAPX_RetainedEarningsItem_suite___expected_rows	
EQUAL	CAPX_SeniorNonPreferred_suite___expected_rows	
EQUAL	CAPX_TemporaryWriteDownAt1_suite___expected_rows	
EQUAL	CAPX_TlacEligibleInstrument_suite___expected_rows	
EQUAL	CBRX_All_suite___expected_rows	
EQUAL	CBRX_CorrespondentTransactionMonitoring_suite___expected_rows	
EQUAL	CBRX_DeRiskingExit_suite___expected_rows	
EQUAL	CBRX_DownstreamClearing_suite___expected_rows	
EQUAL	CBRX_EnhancedDueDiligenceItem_suite___expected_rows	
EQUAL	CBRX_IntradayCreditLine_suite___expected_rows	
EQUAL	CBRX_LoroRelationship_suite___expected_rows	
EQUAL	CBRX_NestedCorrespondent_suite___expected_rows	
EQUAL	CBRX_NostroRelationship_suite___expected_rows	
EQUAL	CBRX_PayableThroughAccount_suite___expected_rows	
EQUAL	CBRX_PeriodicRelationshipReview_suite___expected_rows	
EQUAL	CBRX_RelationshipSanctionsScreening_suite___expected_rows	
EQUAL	CBRX_RequestForInformation_suite___expected_rows	
EQUAL	CBRX_SettlementLimitItem_suite___expected_rows	
EQUAL	CBRX_ShellBankProhibition_suite___expected_rows	
EQUAL	CBRX_VostroRelationship_suite___expected_rows	
EQUAL	CBRX_WolfsbergQuestionnaire_suite___expected_rows	
EQUAL	CB_AssocSetIds_suite___expected_rows	
EQUAL	CB_C0_suite___expected_rows	
EQUAL	CB_C10_suite___expected_rows	
EQUAL	CB_C11_suite___expected_rows	
EQUAL	CB_C12_suite___expected_rows	
EQUAL	CB_C13_suite___expected_rows	
EQUAL	CB_C14_suite___expected_rows	
EQUAL	CB_C15_suite___expected_rows	
EQUAL	CB_C1_suite___expected_rows	
EQUAL	CB_C2_suite___expected_rows	
EQUAL	CB_C3_suite___expected_rows	
EQUAL	CB_C4_suite___expected_rows	
EQUAL	CB_C5_suite___expected_rows	
EQUAL	CB_C6_suite___expected_rows	
EQUAL	CB_C7_suite___expected_rows	
EQUAL	CB_C8_suite___expected_rows	
EQUAL	CB_C9_suite___expected_rows	
EQUAL	CB_EqualsNull_suite___expected_rows	
EQUAL	CB_GreaterNull_suite___expected_rows	
EQUAL	CB_NotEqualsNull_suite___expected_rows	
EQUAL	CB_Otherwise_suite___expected_rows	
EQUAL	CB_SchemaQualified_suite___expected_rows	
EQUAL	CB_SchemaReach_suite___expected_rows	
EQUAL	CB_Scoped_suite___expected_rows	
EQUAL	CEVX_All_suite___expected_rows	
EQUAL	CEVX_CallRedemption_suite___expected_rows	
EQUAL	CEVX_CashMerger_suite___expected_rows	
EQUAL	CEVX_CorpactionsxBonusIssue_suite___expected_rows	
EQUAL	CEVX_CorpactionsxCashDividend_suite___expected_rows	
EQUAL	CEVX_CorpactionsxDelisting_suite___expected_rows	
EQUAL	CEVX_CorpactionsxNameChange_suite___expected_rows	
EQUAL	CEVX_CorpactionsxRightsIssue_suite___expected_rows	
EQUAL	CEVX_CorpactionsxSchemeOfArrangement_suite___expected_rows	
EQUAL	CEVX_CorpactionsxSpecialDividend_suite___expected_rows	
EQUAL	CEVX_CorpactionsxStockDividend_suite___expected_rows	
EQUAL	CEVX_CorpactionsxStockSplit_suite___expected_rows	
EQUAL	CEVX_CorpactionsxTenderOffer_suite___expected_rows	
EQUAL	CEVX_PartialCall_suite___expected_rows	
EQUAL	CEVX_ReverseSplit_suite___expected_rows	
EQUAL	CEVX_SpinOff_suite___expected_rows	
EQUAL	CEVX_StockMerger_suite___expected_rows	
EQUAL	CF_Confluence_suite___expected_rows	
EQUAL	CHGX_All_suite___expected_rows	
EQUAL	CHGX_ExecutionCommission_suite___expected_rows	
EQUAL	CHGX_FeetypesClearingFee_suite___expected_rows	
EQUAL	CHGX_FeetypesCustodyFee_suite___expected_rows	
EQUAL	CHGX_FeetypesExchangeFee_suite___expected_rows	
EQUAL	CHGX_FeetypesManagementFee_suite___expected_rows	
EQUAL	CHGX_FeetypesMarketDataFee_suite___expected_rows	
EQUAL	CHGX_FeetypesPerformanceFee_suite___expected_rows	
EQUAL	CHGX_FeetypesPlatformFee_suite___expected_rows	
EQUAL	CHGX_FeetypesSettlementFee_suite___expected_rows	
EQUAL	CHGX_FeetypesStockBorrowFee_suite___expected_rows	
EQUAL	CHGX_FinancingSpread_suite___expected_rows	
EQUAL	CHGX_PrimeBrokerageFee_suite___expected_rows	
EQUAL	CHGX_RebateCredit_suite___expected_rows	
EQUAL	CHGX_ResearchPayment_suite___expected_rows	
EQUAL	CHGX_SafekeepingFee_suite___expected_rows	
EQUAL	CHGX_WaivedFee_suite___expected_rows	
EQUAL	CIBD_All_suite___expected_rows	
EQUAL	CIBD_Core_instrumentConvertibleBond_suite___expected_rows	
EQUAL	CIBD_Core_instrumentCorporateBond_suite___expected_rows	
EQUAL	CIBD_Core_instrumentGovernmentBond_suite___expected_rows	
EQUAL	CIEQ_All_suite___expected_rows	
EQUAL	CIEQ_Core_instrumentCommonStock_suite___expected_rows	
EQUAL	CIEQ_Core_instrumentPreferredStock_suite___expected_rows	
EQUAL	CIFU_All_suite___expected_rows	
EQUAL	CIFU_CommodityFuture_suite___expected_rows	
EQUAL	CIFU_EquityIndexFuture_suite___expected_rows	
EQUAL	CIOP_All_suite___expected_rows	
EQUAL	CIOP_CallOption_suite___expected_rows	
EQUAL	CIOP_PutOption_suite___expected_rows	
EQUAL	CISW_All_suite___expected_rows	
EQUAL	CISW_Core_instrumentCreditDefaultSwap_suite___expected_rows	
EQUAL	CISW_Core_instrumentInterestRateSwap_suite___expected_rows	
EQUAL	CISW_TotalReturnSwap_suite___expected_rows	
EQUAL	CI_All_suite___expected_rows	
EQUAL	CI_Core_instrumentBond_suite___expected_rows	
EQUAL	CI_Core_instrumentEquity_suite___expected_rows	
EQUAL	CI_Core_instrumentExchangeTradedFund_suite___expected_rows	
EQUAL	CI_Core_instrumentFuture_suite___expected_rows	
EQUAL	CI_Core_instrumentOption_suite___expected_rows	
EQUAL	CI_Core_instrumentSwap_suite___expected_rows	
EQUAL	CI_Core_instrumentWarrant_suite___expected_rows	
EQUAL	CI_DepositaryReceipt_suite___expected_rows	
EQUAL	CLIX_All_suite___expected_rows	
EQUAL	CLIX_BrokerDealerClient_suite___expected_rows	
EQUAL	CLIX_CentralBankClient_suite___expected_rows	
EQUAL	CLIX_CommercialBankClient_suite___expected_rows	
EQUAL	CLIX_CorporateTreasuryClient_suite___expected_rows	
EQUAL	CLIX_EtfSponsorClient_suite___expected_rows	
EQUAL	CLIX_FamilyOfficeClient_suite___expected_rows	
EQUAL	CLIX_FundOfFundsClient_suite___expected_rows	
EQUAL	CLIX_HedgeFundClient_suite___expected_rows	
EQUAL	CLIX_InsuranceCompanyClient_suite___expected_rows	
EQUAL	CLIX_LongOnlyAssetManager_suite___expected_rows	
EQUAL	CLIX_MarketMakerClient_suite___expected_rows	
EQUAL	CLIX_MunicipalityClient_suite___expected_rows	
EQUAL	CLIX_MutualFundClient_suite___expected_rows	
EQUAL	CLIX_PensionFundClient_suite___expected_rows	
EQUAL	CLIX_PrivateBankClient_suite___expected_rows	
EQUAL	CLIX_ProprietaryTradingFirm_suite___expected_rows	
EQUAL	CLIX_RetailClient_suite___expected_rows	
EQUAL	CLIX_SovereignWealthFundClient_suite___expected_rows	
EQUAL	CLIX_SpecialPurposeVehicleClient_suite___expected_rows	
EQUAL	CLIX_SupranationalClient_suite___expected_rows	
EQUAL	CLRX_All_suite___expected_rows	
EQUAL	CLRX_AssessmentCall_suite___expected_rows	
EQUAL	CLRX_CcpLiquidityAddOn_suite___expected_rows	
EQUAL	CLRX_CcpRecoveryTool_suite___expected_rows	
EQUAL	CLRX_CcpSkinInTheGame_suite___expected_rows	
EQUAL	CLRX_ClearingmembersDefaultFundContribution_suite___expected_rows	
EQUAL	CLRX_ClientAccount_suite___expected_rows	
EQUAL	CLRX_ConcentrationAddOn_suite___expected_rows	
EQUAL	CLRX_CrossMarginBenefit_suite___expected_rows	
EQUAL	CLRX_DefaultAuctionParticipation_suite___expected_rows	
EQUAL	CLRX_ExcessCollateral_suite___expected_rows	
EQUAL	CLRX_HouseAccount_suite___expected_rows	
EQUAL	CLRX_InitialMarginPosting_suite___expected_rows	
EQUAL	CLRX_JuniorisedContribution_suite___expected_rows	
EQUAL	CLRX_PortedClientPosition_suite___expected_rows	
EQUAL	CLRX_SettlementBankLine_suite___expected_rows	
EQUAL	CLRX_VariationMarginPosting_suite___expected_rows	
EQUAL	CLSX_AccountOpeningStage_suite___expected_rows	
EQUAL	CLSX_All_suite___expected_rows	
EQUAL	CLSX_BeneficialOwnershipStage_suite___expected_rows	
EQUAL	CLSX_ClientRiskRatingStage_suite___expected_rows	
EQUAL	CLSX_CreditApprovalStage_suite___expected_rows	
EQUAL	CLSX_DocumentationNegotiationStage_suite___expected_rows	
EQUAL	CLSX_DormantClientStage_suite___expected_rows	
EQUAL	CLSX_FirstTradeStage_suite___expected_rows	
EQUAL	CLSX_InitialScreeningStage_suite___expected_rows	
EQUAL	CLSX_KycCollectionStage_suite___expected_rows	
EQUAL	CLSX_OffboardingNoticeStage_suite___expected_rows	
EQUAL	CLSX_PeriodicReviewStage_suite___expected_rows	
EQUAL	CLSX_PositionUnwindStage_suite___expected_rows	
EQUAL	CLSX_ProspectStage_suite___expected_rows	
EQUAL	CLSX_ReactivationStage_suite___expected_rows	
EQUAL	CLSX_RecordRetentionStage_suite___expected_rows	
EQUAL	CLSX_TriggerEventReviewStage_suite___expected_rows	
EQUAL	CMDX_AgriculturalFuture_suite___expected_rows	
EQUAL	CMDX_All_suite___expected_rows	
EQUAL	CMDX_AllocatedGold_suite___expected_rows	
EQUAL	CMDX_BaseloadPowerContract_suite___expected_rows	
EQUAL	CMDX_BrentCrudeFuture_suite___expected_rows	
EQUAL	CMDX_CommoditiesFreightForwardAgreement_suite___expected_rows	
EQUAL	CMDX_CommoditiesWeatherDerivative_suite___expected_rows	
EQUAL	CMDX_EmissionsAllowance_suite___expected_rows	
EQUAL	CMDX_GoldLocoLondon_suite___expected_rows	
EQUAL	CMDX_MetalWarrant_suite___expected_rows	
EQUAL	CMDX_NaturalGasFuture_suite___expected_rows	
EQUAL	CMDX_PeakPowerContract_suite___expected_rows	
EQUAL	CMDX_PhysicalDeliveryObligation_suite___expected_rows	
EQUAL	CMDX_QualityAdjustmentItem_suite___expected_rows	
EQUAL	CMDX_StorageContract_suite___expected_rows	
EQUAL	CMDX_TransportCapacityContract_suite___expected_rows	
EQUAL	CMDX_WtiCrudeFuture_suite___expected_rows	
EQUAL	COLX_AgencyMbsCollateral_suite___expected_rows	
EQUAL	COLX_All_suite___expected_rows	
EQUAL	COLX_AssetBackedCollateral_suite___expected_rows	
EQUAL	COLX_CoveredBondCollateral_suite___expected_rows	
EQUAL	COLX_EurCashCollateral_suite___expected_rows	
EQUAL	COLX_GbpCashCollateral_suite___expected_rows	
EQUAL	COLX_GermanBundCollateral_suite___expected_rows	
EQUAL	COLX_GiltCollateral_suite___expected_rows	
EQUAL	COLX_GoldCollateral_suite___expected_rows	
EQUAL	COLX_HighYieldCollateral_suite___expected_rows	
EQUAL	COLX_IndexEquityCollateral_suite___expected_rows	
EQUAL	COLX_InvestmentGradeCollateral_suite___expected_rows	
EQUAL	COLX_JgbCollateral_suite___expected_rows	
EQUAL	COLX_LetterOfCreditCollateral_suite___expected_rows	
EQUAL	COLX_MoneyMarketFundCollateral_suite___expected_rows	
EQUAL	COLX_SingleNameEquityCollateral_suite___expected_rows	
EQUAL	COLX_SupranationalCollateral_suite___expected_rows	
EQUAL	COLX_UsTreasuryCollateral_suite___expected_rows	
EQUAL	COLX_UsdCashCollateral_suite___expected_rows	
EQUAL	COVX_All_suite___expected_rows	
EQUAL	COVX_CapitalExpenditureLimit_suite___expected_rows	
EQUAL	COVX_ChangeOfControlProvision_suite___expected_rows	
EQUAL	COVX_CovenantHoliday_suite___expected_rows	
EQUAL	COVX_CovenantLiteFacility_suite___expected_rows	
EQUAL	COVX_CovenantReset_suite___expected_rows	
EQUAL	COVX_CovenantWaiver_suite___expected_rows	
EQUAL	COVX_CrossDefaultClause_suite___expected_rows	
EQUAL	COVX_DebtServiceCoverCovenant_suite___expected_rows	
EQUAL	COVX_EquityCureRight_suite___expected_rows	
EQUAL	COVX_FixedChargeCoverCovenant_suite___expected_rows	
EQUAL	COVX_InterestCoverCovenant_suite___expected_rows	
EQUAL	COVX_LeverageRatioCovenant_suite___expected_rows	
EQUAL	COVX_LoanToValueCovenant_suite___expected_rows	
EQUAL	COVX_MaterialAdverseChangeClause_suite___expected_rows	
EQUAL	COVX_MinimumLiquidityCovenant_suite___expected_rows	
EQUAL	COVX_NegativePledge_suite___expected_rows	
EQUAL	CRPX_All_suite___expected_rows	
EQUAL	CRPX_AnnualSuitabilityReport_suite___expected_rows	
EQUAL	CRPX_AttributionReport_suite___expected_rows	
EQUAL	CRPX_ClientCorporateActionNotice_suite___expected_rows	
EQUAL	CRPX_ClientRiskReport_suite___expected_rows	
EQUAL	CRPX_ClientreportingBestExecutionReport_suite___expected_rows	
EQUAL	CRPX_ContractNote_suite___expected_rows	
EQUAL	CRPX_CostsAndChargesDisclosure_suite___expected_rows	
EQUAL	CRPX_MarginStatement_suite___expected_rows	
EQUAL	CRPX_PerformanceReport_suite___expected_rows	
EQUAL	CRPX_ProxyVotingRecord_suite___expected_rows	
EQUAL	CRPX_RegulatoryClientNotice_suite___expected_rows	
EQUAL	CRPX_SustainabilityDisclosure_suite___expected_rows	
EQUAL	CRPX_TaxReportingPack_suite___expected_rows	
EQUAL	CRPX_TenPercentDepreciationNotice_suite___expected_rows	
EQUAL	CRPX_TransactionStatement_suite___expected_rows	
EQUAL	CRPX_ValuationStatement_suite___expected_rows	
EQUAL	CRXX_All_suite___expected_rows	
EQUAL	CRXX_AuctionSettlementItem_suite___expected_rows	
EQUAL	CRXX_BespokeTranche_suite___expected_rows	
EQUAL	CRXX_CdsIndexTrade_suite___expected_rows	
EQUAL	CRXX_CreditDefaultSwaption_suite___expected_rows	
EQUAL	CRXX_CreditTotalReturnSwap_suite___expected_rows	
EQUAL	CRXX_CreditstructuresConstantMaturityCds_suite___expected_rows	
EQUAL	CRXX_CreditstructuresCreditLinkedNote_suite___expected_rows	
EQUAL	CRXX_CreditstructuresFirstToDefaultBasket_suite___expected_rows	
EQUAL	CRXX_CreditstructuresLoanCds_suite___expected_rows	
EQUAL	CRXX_CreditstructuresNthToDefaultBasket_suite___expected_rows	
EQUAL	CRXX_CreditstructuresRecoverySwap_suite___expected_rows	
EQUAL	CRXX_CreditstructuresSovereignCds_suite___expected_rows	
EQUAL	CRXX_IndexTranche_suite___expected_rows	
EQUAL	CRXX_QuantoCds_suite___expected_rows	
EQUAL	CRXX_RecoveryLock_suite___expected_rows	
EQUAL	CRXX_SuccessionEventItem_suite___expected_rows	
EQUAL	CSHX_All_suite___expected_rows	
EQUAL	CSHX_CollectionsOnBehalfOf_suite___expected_rows	
EQUAL	CSHX_CrossBorderSweep_suite___expected_rows	
EQUAL	CSHX_InHouseBankAccount_suite___expected_rows	
EQUAL	CSHX_IntercompanyLoanItem_suite___expected_rows	
EQUAL	CSHX_InterestOptimisationItem_suite___expected_rows	
EQUAL	CSHX_LiquidityForecastItem_suite___expected_rows	
EQUAL	CSHX_LockboxService_suite___expected_rows	
EQUAL	CSHX_MultiCurrencyPool_suite___expected_rows	
EQUAL	CSHX_NotionalCashPool_suite___expected_rows	
EQUAL	CSHX_OverlayPoolStructure_suite___expected_rows	
EQUAL	CSHX_PaymentFactory_suite___expected_rows	
EQUAL	CSHX_PhysicalCashPool_suite___expected_rows	
EQUAL	CSHX_TargetBalanceAccount_suite___expected_rows	
EQUAL	CSHX_VirtualAccount_suite___expected_rows	
EQUAL	CSHX_WithholdingOnPoolInterest_suite___expected_rows	
EQUAL	CSHX_ZeroBalanceAccount_suite___expected_rows	
EQUAL	CSIX_AgencyMortgageBackedEligible_suite___expected_rows	
EQUAL	CSIX_All_suite___expected_rows	
EQUAL	CSIX_AssetClassCap_suite___expected_rows	
EQUAL	CSIX_CashEligible_suite___expected_rows	
EQUAL	CSIX_CorporateHighYieldEligible_suite___expected_rows	
EQUAL	CSIX_CorporateInvestmentGradeEligible_suite___expected_rows	
EQUAL	CSIX_CurrencyMismatchHaircut_suite___expected_rows	
EQUAL	CSIX_EtfEligible_suite___expected_rows	
EQUAL	CSIX_GoldEligible_suite___expected_rows	
EQUAL	CSIX_IssuerConcentrationCap_suite___expected_rows	
EQUAL	CSIX_MainIndexEquityEligible_suite___expected_rows	
EQUAL	CSIX_MoneyMarketFundEligible_suite___expected_rows	
EQUAL	CSIX_ScheduleAmendment_suite___expected_rows	
EQUAL	CSIX_SovereignAaaEligible_suite___expected_rows	
EQUAL	CSIX_SovereignSubInvestmentGrade_suite___expected_rows	
EQUAL	CSIX_SupranationalEligible_suite___expected_rows	
EQUAL	CSIX_WrongWayCollateralExclusion_suite___expected_rows	
EQUAL	CTFX_All_suite___expected_rows	
EQUAL	CTFX_CcpEligibleCollateral_suite___expected_rows	
EQUAL	CTFX_CollateraltransformCollateralDowngradeTrade_suite___expected_rows	
EQUAL	CTFX_CollateraltransformCollateralUpgradeTrade_suite___expected_rows	
EQUAL	CTFX_EvergreenCollateralUpgrade_suite___expected_rows	
EQUAL	CTFX_HaircutDifferential_suite___expected_rows	
EQUAL	CTFX_LiquidityCoverageImpact_suite___expected_rows	
EQUAL	CTFX_MaturityMismatchItem_suite___expected_rows	
EQUAL	CTFX_PledgeTransformation_suite___expected_rows	
EQUAL	CTFX_RehypothecationRight_suite___expected_rows	
EQUAL	CTFX_SegregatedTransformationOutput_suite___expected_rows	
EQUAL	CTFX_SubstitutionRight_suite___expected_rows	
EQUAL	CTFX_TermCollateralUpgrade_suite___expected_rows	
EQUAL	CTFX_TransformationCliffRisk_suite___expected_rows	
EQUAL	CTFX_TransformationConcentrationLimit_suite___expected_rows	
EQUAL	CTFX_TransformationFeeAccrual_suite___expected_rows	
EQUAL	CTFX_TransformationRecall_suite___expected_rows	
EQUAL	CUSTX_All_suite___expected_rows	
EQUAL	CUSTX_CustodyCorporateActionElection_suite___expected_rows	
EQUAL	CUSTX_DeliveryVersusPaymentInstruction_suite___expected_rows	
EQUAL	CUSTX_ExternalTransferInstruction_suite___expected_rows	
EQUAL	CUSTX_FreeOfPaymentInstruction_suite___expected_rows	
EQUAL	CUSTX_FundRedemptionInstruction_suite___expected_rows	
EQUAL	CUSTX_FundSubscriptionInstruction_suite___expected_rows	
EQUAL	CUSTX_FundSwitchInstruction_suite___expected_rows	
EQUAL	CUSTX_IncomeCollectionInstruction_suite___expected_rows	
EQUAL	CUSTX_InternalTransferInstruction_suite___expected_rows	
EQUAL	CUSTX_PledgeInstruction_suite___expected_rows	
EQUAL	CUSTX_PledgeReleaseInstruction_suite___expected_rows	
EQUAL	CUSTX_ProxyVoteInstruction_suite___expected_rows	
EQUAL	CUSTX_ReceiveVersusPaymentInstruction_suite___expected_rows	
EQUAL	CUSTX_RegistrationInstruction_suite___expected_rows	
EQUAL	CUSTX_ReregistrationInstruction_suite___expected_rows	
EQUAL	CUSTX_SafekeepingInstruction_suite___expected_rows	
EQUAL	CUSTX_StockSituationInstruction_suite___expected_rows	
EQUAL	CUSTX_TaxReclaimInstruction_suite___expected_rows	
EQUAL	CV0_CurvePillars_suite___expected_rows	
EQUAL	CV10_PillarBenchmark_suite___expected_rows	
EQUAL	CV1_QuotedPillars_suite___expected_rows	
EQUAL	CV2_FittedPillars_suite___expected_rows	
EQUAL	CV3_PillarNeighbours_suite___expected_rows	
EQUAL	CV4_CurveShape_suite___expected_rows	
EQUAL	CV5_CurveCatalogue_suite___expected_rows	
COUNT	CV6_PillarEmptiness_suite___expected_rows	engine 1072 rows, lite 192
VALUES	CV7_PillarsShorter_suite___expected_rows	engine has ['[["cobDate", "2024-06-19"], ["curveId", "EUR.DBR.GOVT"], ["pillarsNearerIn", 3], ["tenorDays", 3653], ["tenorLabel", "10Y"]]', '[["cobDate", "2024-06-19"], ["curveId", "EUR.DBR.GOVT"], ["pillarsNearerIn", 2], ["tenorDays", 5479], ["tenorLabel", "15Y"]]']; lite has ['[["cobDate", "2024-06-19"], ["curveId", "EUR.DBR.GOVT"], ["pillarsNearerIn", 8], ["tenorDays", 3653], ["tenorLabel", "10Y"]]', '[["cobDate", "2024-06-19"], ["curveId", "EUR.DBR.GOVT"], ["pillarsNearerIn", 9], ["tenorDays", 5479], ["tenorLabel", "15Y"]]']
EQUAL	CV8_CurveDates_suite___expected_rows	
EQUAL	CV9_CurveSummaries_suite___expected_rows	
EQUAL	DIGX_AlgorithmicStablecoin_suite___expected_rows	
EQUAL	DIGX_All_suite___expected_rows	
EQUAL	DIGX_CustodiedCryptoHolding_suite___expected_rows	
EQUAL	DIGX_ExchangeBalance_suite___expected_rows	
EQUAL	DIGX_FiatBackedStablecoin_suite___expected_rows	
EQUAL	DIGX_LiquidStakingToken_suite___expected_rows	
EQUAL	DIGX_LiquidityProviderPosition_suite___expected_rows	
EQUAL	DIGX_NonFungibleTokenHolding_suite___expected_rows	
EQUAL	DIGX_PerpetualSwapPosition_suite___expected_rows	
EQUAL	DIGX_RegulatedCryptoFuture_suite___expected_rows	
EQUAL	DIGX_SlashedStakeItem_suite___expected_rows	
EQUAL	DIGX_SpotCryptoHolding_suite___expected_rows	
EQUAL	DIGX_StakedPosition_suite___expected_rows	
EQUAL	DIGX_TokenisedFundUnit_suite___expected_rows	
EQUAL	DIGX_TokenisedSecurity_suite___expected_rows	
EQUAL	DIGX_WholesaleCentralBankDigitalCurrency_suite___expected_rows	
EQUAL	DIGX_WrappedAsset_suite___expected_rows	
EQUAL	DISX_AdviserPortalChannel_suite___expected_rows	
EQUAL	DISX_AggregatorFeedChannel_suite___expected_rows	
EQUAL	DISX_All_suite___expected_rows	
EQUAL	DISX_BinaryProtocolChannel_suite___expected_rows	
EQUAL	DISX_ChatNegotiationChannel_suite___expected_rows	
EQUAL	DISX_DeprecatedChannel_suite___expected_rows	
EQUAL	DISX_EmailIndicationChannel_suite___expected_rows	
EQUAL	DISX_FileTransferChannel_suite___expected_rows	
EQUAL	DISX_FixSessionChannel_suite___expected_rows	
EQUAL	DISX_MobileAppChannel_suite___expected_rows	
EQUAL	DISX_MultiDealerPlatform_suite___expected_rows	
EQUAL	DISX_RestApiChannel_suite___expected_rows	
EQUAL	DISX_SandboxChannel_suite___expected_rows	
EQUAL	DISX_SingleDealerPlatform_suite___expected_rows	
EQUAL	DISX_StreamingChannel_suite___expected_rows	
EQUAL	DISX_VoiceTradeChannel_suite___expected_rows	
EQUAL	DISX_WhiteLabelChannel_suite___expected_rows	
EQUAL	DOCX_All_suite___expected_rows	
EQUAL	DOCX_AnnualReport_suite___expected_rows	
EQUAL	DOCX_AuditReport_suite___expected_rows	
EQUAL	DOCX_BoardResolution_suite___expected_rows	
EQUAL	DOCX_CertificateOfIncorporation_suite___expected_rows	
EQUAL	DOCX_CollateralOpinion_suite___expected_rows	
EQUAL	DOCX_CreditSupportAnnex_suite___expected_rows	
EQUAL	DOCX_CrsSelfCertification_suite___expected_rows	
EQUAL	DOCX_DocumentsGlobalMasterSecuritiesLendingAgreement_suite___expected_rows	
EQUAL	DOCX_DocumentsKeyInformationDocument_suite___expected_rows	
EQUAL	DOCX_DocumentsNettingOpinion_suite___expected_rows	
EQUAL	DOCX_GlobalMasterRepoAgreement_suite___expected_rows	
EQUAL	DOCX_IsdaMasterAgreement_suite___expected_rows	
EQUAL	DOCX_PowerOfAttorney_suite___expected_rows	
EQUAL	DOCX_Prospectus_suite___expected_rows	
EQUAL	DOCX_SignatureMandate_suite___expected_rows	
EQUAL	DOCX_SsiLetter_suite___expected_rows	
EQUAL	DOCX_TermSheet_suite___expected_rows	
EQUAL	DOCX_TradeConfirmationDocument_suite___expected_rows	
EQUAL	DOCX_W8BenForm_suite___expected_rows	
EQUAL	DOCX_W9Form_suite___expected_rows	
EQUAL	DQRX_All_suite___expected_rows	
EQUAL	DQRX_CompletenessRule_suite___expected_rows	
EQUAL	DQRX_CriticalDataElementRule_suite___expected_rows	
EQUAL	DQRX_CrossFieldConsistencyRule_suite___expected_rows	
EQUAL	DQRX_CrossSystemConsistencyRule_suite___expected_rows	
EQUAL	DQRX_DomainValidityRule_suite___expected_rows	
EQUAL	DQRX_FormatValidityRule_suite___expected_rows	
EQUAL	DQRX_LineageGapRule_suite___expected_rows	
EQUAL	DQRX_PlausibilityRule_suite___expected_rows	
EQUAL	DQRX_ReconciliationRule_suite___expected_rows	
EQUAL	DQRX_ReferentialIntegrityRule_suite___expected_rows	
EQUAL	DQRX_StalenessRule_suite___expected_rows	
EQUAL	DQRX_StatisticalOutlierRule_suite___expected_rows	
EQUAL	DQRX_SuppressedRule_suite___expected_rows	
EQUAL	DQRX_TimelinessRule_suite___expected_rows	
EQUAL	DQRX_ToleranceBreachRule_suite___expected_rows	
EQUAL	DQRX_UniquenessRule_suite___expected_rows	
EQUAL	DSAgg_AccountingRule_suite___expected_rows	
EQUAL	DSAgg_Agreement_suite___expected_rows	
EQUAL	DSAgg_AnalystCoverage_suite___expected_rows	
EQUAL	DSAgg_Approver_suite___expected_rows	
EQUAL	DSAgg_BackofficeReconciliationItem_suite___expected_rows	
EQUAL	DSAgg_BalanceSheet_suite___expected_rows	
EQUAL	DSAgg_BenchmarkIndex_suite___expected_rows	
EQUAL	DSAgg_Book_suite___expected_rows	
EQUAL	DSAgg_BreakResolution_suite___expected_rows	
EQUAL	DSAgg_BusinessUnit_suite___expected_rows	
EQUAL	DSAgg_Calendar_suite___expected_rows	
EQUAL	DSAgg_CashFlow_suite___expected_rows	
EQUAL	DSAgg_CcHoliday_suite___expected_rows	
EQUAL	DSAgg_CcSettlementCycle_suite___expected_rows	
EQUAL	DSAgg_CfxCurrencyPair_suite___expected_rows	
EQUAL	DSAgg_CgBloc_suite___expected_rows	
EQUAL	DSAgg_CgCity_suite___expected_rows	
EQUAL	DSAgg_CgCountryProfile_suite___expected_rows	
EQUAL	DSAgg_CgTimeZone_suite___expected_rows	
EQUAL	DSAgg_ClearingHouse_suite___expected_rows	
EQUAL	DSAgg_ClearingPortfolioReconciliation_suite___expected_rows	
EQUAL	DSAgg_ClientActivity_suite___expected_rows	
EQUAL	DSAgg_ClientInteraction_suite___expected_rows	
EQUAL	DSAgg_CollateralAgreement_suite___expected_rows	
EQUAL	DSAgg_CollateralDispute_suite___expected_rows	
EQUAL	DSAgg_CompanyProfile_suite___expected_rows	
EQUAL	DSAgg_ComplianceAlert_suite___expected_rows	
EQUAL	DSAgg_ConcentrationRisk_suite___expected_rows	
EQUAL	DSAgg_ConsensusForecast_suite___expected_rows	
EQUAL	DSAgg_Core_instrumentBond_suite___expected_rows	
EQUAL	DSAgg_Core_instrumentInstrument_suite___expected_rows	
EQUAL	DSAgg_Core_instrumentWarrant_suite___expected_rows	
EQUAL	DSAgg_CorporateActionEvent_suite___expected_rows	
EQUAL	DSAgg_CorporateSpread_suite___expected_rows	
EQUAL	DSAgg_CostCenter_suite___expected_rows	
EQUAL	DSAgg_CounterpartyLimit_suite___expected_rows	
EQUAL	DSAgg_Country_suite___expected_rows	
EQUAL	DSAgg_CouponPeriod_suite___expected_rows	
EQUAL	DSAgg_CtnDatedItem_suite___expected_rows	
EQUAL	DSAgg_CtnTenorBucket_suite___expected_rows	
EQUAL	DSAgg_CuConversion_suite___expected_rows	
EQUAL	DSAgg_CuUnitPrecision_suite___expected_rows	
EQUAL	DSAgg_CuUnit_suite___expected_rows	
EQUAL	DSAgg_Currency_suite___expected_rows	
EQUAL	DSAgg_CurvePoint_suite___expected_rows	
EQUAL	DSAgg_CustodyInstruction_suite___expected_rows	
EQUAL	DSAgg_DailyPnL_suite___expected_rows	
EQUAL	DSAgg_DebtSecurity_suite___expected_rows	
EQUAL	DSAgg_Department_suite___expected_rows	
EQUAL	DSAgg_EarningsEstimate_suite___expected_rows	
EQUAL	DSAgg_EligibilityRule_suite___expected_rows	
EQUAL	DSAgg_EsgMetric_suite___expected_rows	
EQUAL	DSAgg_Execution_suite___expected_rows	
EQUAL	DSAgg_FeeTier_suite___expected_rows	
EQUAL	DSAgg_FillDetail_suite___expected_rows	
EQUAL	DSAgg_FundingCost_suite___expected_rows	
EQUAL	DSAgg_GeneralLedgerAccount_suite___expected_rows	
EQUAL	DSAgg_IdxConstituent_suite___expected_rows	
EQUAL	DSAgg_IdxIndexFamily_suite___expected_rows	
EQUAL	DSAgg_IdxIndex_suite___expected_rows	
EQUAL	DSAgg_IdxRebalance_suite___expected_rows	
EQUAL	DSAgg_InboundMessage_suite___expected_rows	
EQUAL	DSAgg_IncomeStatement_suite___expected_rows	
EQUAL	DSAgg_Index_suite___expected_rows	
EQUAL	DSAgg_InitialMargin_suite___expected_rows	
EQUAL	DSAgg_KYCRecord_suite___expected_rows	
EQUAL	DSAgg_LimitBreach_suite___expected_rows	
EQUAL	DSAgg_LiquidityMetric_suite___expected_rows	
EQUAL	DSAgg_LotPosition_suite___expected_rows	
EQUAL	DSAgg_MTDPnL_suite___expected_rows	
EQUAL	DSAgg_MarginCall_suite___expected_rows	
EQUAL	DSAgg_MarketDataSnapshot_suite___expected_rows	
EQUAL	DSAgg_MarketRiskFactor_suite___expected_rows	
EQUAL	DSAgg_MarketStressScenario_suite___expected_rows	
EQUAL	DSAgg_MarketdataYieldCurve_suite___expected_rows	
EQUAL	DSAgg_MiddleofficeConfirmation_suite___expected_rows	
EQUAL	DSAgg_NettingResult_suite___expected_rows	
EQUAL	DSAgg_NettingSet_suite___expected_rows	
EQUAL	DSAgg_OpsConfirmation_suite___expected_rows	
EQUAL	DSAgg_OrderRoute_suite___expected_rows	
EQUAL	DSAgg_OrderTicket_suite___expected_rows	
EQUAL	DSAgg_Order_suite___expected_rows	
EQUAL	DSAgg_PeerComparison_suite___expected_rows	
EQUAL	DSAgg_PnLAttribution_suite___expected_rows	
EQUAL	DSAgg_PnlAccrualEntry_suite___expected_rows	
EQUAL	DSAgg_PositionBreak_suite___expected_rows	
EQUAL	DSAgg_PositionSnapshot_suite___expected_rows	
EQUAL	DSAgg_PositionTransfer_suite___expected_rows	
EQUAL	DSAgg_PriceSourceRecord_suite___expected_rows	
EQUAL	DSAgg_ProcessingQueue_suite___expected_rows	
EQUAL	DSAgg_ProductsBond_suite___expected_rows	
EQUAL	DSAgg_ProductsEquity_suite___expected_rows	
EQUAL	DSAgg_ProductsFuture_suite___expected_rows	
EQUAL	DSAgg_ProductsOption_suite___expected_rows	
EQUAL	DSAgg_ReconciliationRun_suite___expected_rows	
EQUAL	DSAgg_Region_suite___expected_rows	
EQUAL	DSAgg_RegulatoryBestExecutionReport_suite___expected_rows	
EQUAL	DSAgg_RegulatorySubmission_suite___expected_rows	
EQUAL	DSAgg_ResearchReport_suite___expected_rows	
EQUAL	DSAgg_RevenueBudget_suite___expected_rows	
EQUAL	DSAgg_RiskMeasure_suite___expected_rows	
EQUAL	DSAgg_RiskRun_suite___expected_rows	
EQUAL	DSAgg_STPRate_suite___expected_rows	
EQUAL	DSAgg_SalesPerson_suite___expected_rows	
EQUAL	DSAgg_SalesTerritory_suite___expected_rows	
EQUAL	DSAgg_SanctionsCheck_suite___expected_rows	
EQUAL	DSAgg_Sector_suite___expected_rows	
EQUAL	DSAgg_SettlementSettlementFail_suite___expected_rows	
EQUAL	DSAgg_Settlement_suite___expected_rows	
EQUAL	DSAgg_StressScenario_suite___expected_rows	
EQUAL	DSAgg_SubledgerEntry_suite___expected_rows	
EQUAL	DSAgg_SwapFinancing_suite___expected_rows	
EQUAL	DSAgg_SwapLeg_suite___expected_rows	
EQUAL	DSAgg_TaxReclaim_suite___expected_rows	
EQUAL	DSAgg_Team_suite___expected_rows	
EQUAL	DSAgg_TradeBreak_suite___expected_rows	
EQUAL	DSAgg_TradeCompression_suite___expected_rows	
EQUAL	DSAgg_TradeException_suite___expected_rows	
EQUAL	DSAgg_TradeReport_suite___expected_rows	
EQUAL	DSAgg_TrialBalance_suite___expected_rows	
EQUAL	DSAgg_VaRResult_suite___expected_rows	
EQUAL	DSAgg_YTDPnL_suite___expected_rows	
EQUAL	DSDeep_AccountOpeningStage_suite___expected_rows	
EQUAL	DSDeep_AdditionalTier1Perpetual_suite___expected_rows	
EQUAL	DSDeep_AdviserPortalChannel_suite___expected_rows	
EQUAL	DSDeep_AgencyMortgageBackedEligible_suite___expected_rows	
EQUAL	DSDeep_AggregatorFeedChannel_suite___expected_rows	
EQUAL	DSDeep_AgriculturalFuture_suite___expected_rows	
EQUAL	DSDeep_AlgorithmicAccessArrangement_suite___expected_rows	
EQUAL	DSDeep_AlgorithmicStablecoin_suite___expected_rows	
EQUAL	DSDeep_AllocatedGold_suite___expected_rows	
EQUAL	DSDeep_Allocation_suite___expected_rows	
EQUAL	DSDeep_AmendedTradePnl_suite___expected_rows	
EQUAL	DSDeep_AnnualSuitabilityReport_suite___expected_rows	
EQUAL	DSDeep_AppetiteBreachEscalation_suite___expected_rows	
EQUAL	DSDeep_AssessmentCall_suite___expected_rows	
EQUAL	DSDeep_AssetClassCap_suite___expected_rows	
EQUAL	DSDeep_AssetFinanceAgreement_suite___expected_rows	
EQUAL	DSDeep_AttributionReport_suite___expected_rows	
EQUAL	DSDeep_AuctionSettlementItem_suite___expected_rows	
EQUAL	DSDeep_AuditFinding_suite___expected_rows	
EQUAL	DSDeep_BackToBackBooking_suite___expected_rows	
EQUAL	DSDeep_BalanceSheetItem_suite___expected_rows	
EQUAL	DSDeep_BankingProduct_suite___expected_rows	
EQUAL	DSDeep_BaseloadPowerContract_suite___expected_rows	
EQUAL	DSDeep_BenchmarkTransitionItem_suite___expected_rows	
EQUAL	DSDeep_BenchmarkreformConsentSolicitation_suite___expected_rows	
EQUAL	DSDeep_BeneficialOwnershipStage_suite___expected_rows	
EQUAL	DSDeep_BespokeTranche_suite___expected_rows	
EQUAL	DSDeep_BinaryProtocolChannel_suite___expected_rows	
EQUAL	DSDeep_Book_suite___expected_rows	
EQUAL	DSDeep_BookingLocation_suite___expected_rows	
EQUAL	DSDeep_BreakResolution_suite___expected_rows	
EQUAL	DSDeep_BrentCrudeFuture_suite___expected_rows	
EQUAL	DSDeep_BuyToLetMortgage_suite___expected_rows	
EQUAL	DSDeep_CallRedemption_suite___expected_rows	
EQUAL	DSDeep_CapitalBufferRequirement_suite___expected_rows	
EQUAL	DSDeep_CapitalGain_suite___expected_rows	
EQUAL	DSDeep_CapitalInstrument_suite___expected_rows	
EQUAL	DSDeep_CapitalisedSoftware_suite___expected_rows	
EQUAL	DSDeep_CareOrderArrangement_suite___expected_rows	
EQUAL	DSDeep_CarryPnl_suite___expected_rows	
EQUAL	DSDeep_CashEligible_suite___expected_rows	
EQUAL	DSDeep_CashManagementItem_suite___expected_rows	
EQUAL	DSDeep_CashMerger_suite___expected_rows	
EQUAL	DSDeep_CashSettlement_suite___expected_rows	
EQUAL	DSDeep_CaymanSpecialPurposeVehicle_suite___expected_rows	
EQUAL	DSDeep_CcpEligibleCollateral_suite___expected_rows	
EQUAL	DSDeep_CcpLiquidityAddOn_suite___expected_rows	
EQUAL	DSDeep_CcpRecoveryTool_suite___expected_rows	
EQUAL	DSDeep_CcpSkinInTheGame_suite___expected_rows	
EQUAL	DSDeep_CdsIndexTrade_suite___expected_rows	
EQUAL	DSDeep_CgBlocMembership_suite___expected_rows	
EQUAL	DSDeep_CgCity_suite___expected_rows	
EQUAL	DSDeep_CgCountry_suite___expected_rows	
EQUAL	DSDeep_ChatNegotiationChannel_suite___expected_rows	
EQUAL	DSDeep_ClearedTrade_suite___expected_rows	
EQUAL	DSDeep_ClearingArrangement_suite___expected_rows	
EQUAL	DSDeep_ClearingmembersDefaultFundContribution_suite___expected_rows	
EQUAL	DSDeep_ClientAccessArrangement_suite___expected_rows	
EQUAL	DSDeep_ClientAccount_suite___expected_rows	
EQUAL	DSDeep_ClientCorporateActionNotice_suite___expected_rows	
EQUAL	DSDeep_ClientLifecycleStage_suite___expected_rows	
EQUAL	DSDeep_ClientReport_suite___expected_rows	
EQUAL	DSDeep_ClientRiskRatingStage_suite___expected_rows	
EQUAL	DSDeep_ClientRiskReport_suite___expected_rows	
EQUAL	DSDeep_ClientreportingBestExecutionReport_suite___expected_rows	
EQUAL	DSDeep_ClosedUnverifiedFinding_suite___expected_rows	
EQUAL	DSDeep_ClosedVerifiedFinding_suite___expected_rows	
EQUAL	DSDeep_CollateralScheduleItem_suite___expected_rows	
EQUAL	DSDeep_CollateralTransformation_suite___expected_rows	
EQUAL	DSDeep_CollateraltransformCollateralDowngradeTrade_suite___expected_rows	
EQUAL	DSDeep_CollateraltransformCollateralUpgradeTrade_suite___expected_rows	
EQUAL	DSDeep_CollectionsOnBehalfOf_suite___expected_rows	
EQUAL	DSDeep_CommercialMortgage_suite___expected_rows	
EQUAL	DSDeep_CommoditiesFreightForwardAgreement_suite___expected_rows	
EQUAL	DSDeep_CommoditiesWeatherDerivative_suite___expected_rows	
EQUAL	DSDeep_CommodityContract_suite___expected_rows	
EQUAL	DSDeep_CommonEquityRatioTarget_suite___expected_rows	
EQUAL	DSDeep_CompletenessRule_suite___expected_rows	
EQUAL	DSDeep_CompoundedInArrears_suite___expected_rows	
EQUAL	DSDeep_ConcentrationAddOn_suite___expected_rows	
EQUAL	DSDeep_ConductRiskTolerance_suite___expected_rows	
EQUAL	DSDeep_ContingentConvertible_suite___expected_rows	
EQUAL	DSDeep_ContractNote_suite___expected_rows	
EQUAL	DSDeep_ControlDesignDeficiency_suite___expected_rows	
EQUAL	DSDeep_ControlOperatingDeficiency_suite___expected_rows	
EQUAL	DSDeep_CorpactionsxBonusIssue_suite___expected_rows	
EQUAL	DSDeep_CorpactionsxCashDividend_suite___expected_rows	
EQUAL	DSDeep_CorpactionsxDelisting_suite___expected_rows	
EQUAL	DSDeep_CorpactionsxNameChange_suite___expected_rows	
EQUAL	DSDeep_CorpactionsxRightsIssue_suite___expected_rows	
EQUAL	DSDeep_CorpactionsxSchemeOfArrangement_suite___expected_rows	
EQUAL	DSDeep_CorpactionsxSpecialDividend_suite___expected_rows	
EQUAL	DSDeep_CorpactionsxStockDividend_suite___expected_rows	
EQUAL	DSDeep_CorpactionsxStockSplit_suite___expected_rows	
EQUAL	DSDeep_CorpactionsxTenderOffer_suite___expected_rows	
EQUAL	DSDeep_CorporateEventType_suite___expected_rows	
EQUAL	DSDeep_CorporateHighYieldEligible_suite___expected_rows	
EQUAL	DSDeep_CorporateInvestmentGradeEligible_suite___expected_rows	
EQUAL	DSDeep_CorrespondentRelationship_suite___expected_rows	
EQUAL	DSDeep_CorrespondentTransactionMonitoring_suite___expected_rows	
EQUAL	DSDeep_CostsAndChargesDisclosure_suite___expected_rows	
EQUAL	DSDeep_CountryRiskLimit_suite___expected_rows	
EQUAL	DSDeep_CreditAdjustmentSpread_suite___expected_rows	
EQUAL	DSDeep_CreditApprovalStage_suite___expected_rows	
EQUAL	DSDeep_CreditCardFacility_suite___expected_rows	
EQUAL	DSDeep_CreditDefaultSwaption_suite___expected_rows	
EQUAL	DSDeep_CreditStructure_suite___expected_rows	
EQUAL	DSDeep_CreditTotalReturnSwap_suite___expected_rows	
EQUAL	DSDeep_CreditstructuresConstantMaturityCds_suite___expected_rows	
EQUAL	DSDeep_CreditstructuresCreditLinkedNote_suite___expected_rows	
EQUAL	DSDeep_CreditstructuresFirstToDefaultBasket_suite___expected_rows	
EQUAL	DSDeep_CreditstructuresLoanCds_suite___expected_rows	
EQUAL	DSDeep_CreditstructuresNthToDefaultBasket_suite___expected_rows	
EQUAL	DSDeep_CreditstructuresRecoverySwap_suite___expected_rows	
EQUAL	DSDeep_CreditstructuresSovereignCds_suite___expected_rows	
EQUAL	DSDeep_CriticalDataElementRule_suite___expected_rows	
EQUAL	DSDeep_CriticalFinding_suite___expected_rows	
EQUAL	DSDeep_CrossBorderAccessArrangement_suite___expected_rows	
EQUAL	DSDeep_CrossBorderSweep_suite___expected_rows	
EQUAL	DSDeep_CrossFieldConsistencyRule_suite___expected_rows	
EQUAL	DSDeep_CrossGammaPnl_suite___expected_rows	
EQUAL	DSDeep_CrossMarginBenefit_suite___expected_rows	
EQUAL	DSDeep_CrossSystemConsistencyRule_suite___expected_rows	
EQUAL	DSDeep_CurrencyMismatchHaircut_suite___expected_rows	
EQUAL	DSDeep_CurrentAccount_suite___expected_rows	
EQUAL	DSDeep_CustodiedCryptoHolding_suite___expected_rows	
EQUAL	DSDeep_CustomerDepositLiability_suite___expected_rows	
EQUAL	DSDeep_DailyPnL_suite___expected_rows	
EQUAL	DSDeep_DataQualityFinding_suite___expected_rows	
EQUAL	DSDeep_DataQualityRule_suite___expected_rows	
EQUAL	DSDeep_DatedTier2_suite___expected_rows	
EQUAL	DSDeep_DeRiskingExit_suite___expected_rows	
EQUAL	DSDeep_DefaultAuctionParticipation_suite___expected_rows	
EQUAL	DSDeep_DeferredTaxAsset_suite___expected_rows	
EQUAL	DSDeep_DeferredTaxDeduction_suite___expected_rows	
EQUAL	DSDeep_DeltaPnl_suite___expected_rows	
EQUAL	DSDeep_DeprecatedChannel_suite___expected_rows	
EQUAL	DSDeep_DerivativeAsset_suite___expected_rows	
EQUAL	DSDeep_DerivativeLiability_suite___expected_rows	
EQUAL	DSDeep_DirectExchangeMembership_suite___expected_rows	
EQUAL	DSDeep_DirectMarketAccess_suite___expected_rows	
EQUAL	DSDeep_DistributionChannel_suite___expected_rows	
EQUAL	DSDeep_DocumentationNegotiationStage_suite___expected_rows	
EQUAL	DSDeep_DomainValidityRule_suite___expected_rows	
EQUAL	DSDeep_DormantClientStage_suite___expected_rows	
EQUAL	DSDeep_DownstreamClearing_suite___expected_rows	
EQUAL	DSDeep_EarlyWarningIndicator_suite___expected_rows	
EQUAL	DSDeep_EarningsVolatilityTolerance_suite___expected_rows	
EQUAL	DSDeep_EmailIndicationChannel_suite___expected_rows	
EQUAL	DSDeep_EmissionsAllowance_suite___expected_rows	
EQUAL	DSDeep_EnhancedDueDiligenceItem_suite___expected_rows	
EQUAL	DSDeep_EstrAdoption_suite___expected_rows	
EQUAL	DSDeep_EtfEligible_suite___expected_rows	
EQUAL	DSDeep_EuSubsidiary_suite___expected_rows	
EQUAL	DSDeep_EvergreenCollateralUpgrade_suite___expected_rows	
EQUAL	DSDeep_ExcessCollateral_suite___expected_rows	
EQUAL	DSDeep_ExtendedRemediationAction_suite___expected_rows	
EQUAL	DSDeep_FallbackTriggerEvent_suite___expected_rows	
EQUAL	DSDeep_FileTransferChannel_suite___expected_rows	
EQUAL	DSDeep_FirstTradeStage_suite___expected_rows	
EQUAL	DSDeep_FixSessionChannel_suite___expected_rows	
EQUAL	DSDeep_FixedRateMortgage_suite___expected_rows	
EQUAL	DSDeep_FixedTermDeposit_suite___expected_rows	
EQUAL	DSDeep_FormatValidityRule_suite___expected_rows	
EQUAL	DSDeep_FundingPnl_suite___expected_rows	
EQUAL	DSDeep_FxTranslationPnl_suite___expected_rows	
EQUAL	DSDeep_GammaPnl_suite___expected_rows	
EQUAL	DSDeep_GeneralClearingMemberService_suite___expected_rows	
EQUAL	DSDeep_GiveUpArrangement_suite___expected_rows	
EQUAL	DSDeep_GoldEligible_suite___expected_rows	
EQUAL	DSDeep_GoldLocoLondon_suite___expected_rows	
EQUAL	DSDeep_GoodwillAsset_suite___expected_rows	
EQUAL	DSDeep_GoodwillDeduction_suite___expected_rows	
EQUAL	DSDeep_GrandfatheredInstrument_suite___expected_rows	
EQUAL	DSDeep_Greeks_suite___expected_rows	
EQUAL	DSDeep_HaircutDifferential_suite___expected_rows	
EQUAL	DSDeep_HighQualityLiquidAssetLevel1_suite___expected_rows	
EQUAL	DSDeep_HighQualityLiquidAssetLevel2a_suite___expected_rows	
EQUAL	DSDeep_HighRiskFinding_suite___expected_rows	
EQUAL	DSDeep_HoldcoSenior_suite___expected_rows	
EQUAL	DSDeep_HongKongBranch_suite___expected_rows	
EQUAL	DSDeep_HouseAccount_suite___expected_rows	
LITE-ONLY	DSDeep_HypotheticalPnL_suite___expected_rows	
ENGINE-ONLY	DSDeep_HypotheticalPnl_suite___expected_rows	
EQUAL	DSDeep_IdxConstituent_suite___expected_rows	
EQUAL	DSDeep_IdxCountryWeight_suite___expected_rows	
EQUAL	DSDeep_ImpactToleranceThreshold_suite___expected_rows	
EQUAL	DSDeep_InHouseBankAccount_suite___expected_rows	
EQUAL	DSDeep_IndexTranche_suite___expected_rows	
EQUAL	DSDeep_IndirectClearingArrangement_suite___expected_rows	
EQUAL	DSDeep_IndividuallySegregatedAccount_suite___expected_rows	
EQUAL	DSDeep_InitialMarginPosting_suite___expected_rows	
EQUAL	DSDeep_InitialScreeningStage_suite___expected_rows	
EQUAL	DSDeep_InstantAccessSavings_suite___expected_rows	
EQUAL	DSDeep_IntercompanyLoanItem_suite___expected_rows	
EQUAL	DSDeep_InterestOptimisationItem_suite___expected_rows	
EQUAL	DSDeep_IntradayCreditLine_suite___expected_rows	
EQUAL	DSDeep_InvoiceFinanceFacility_suite___expected_rows	
EQUAL	DSDeep_IrelandEntity_suite___expected_rows	
EQUAL	DSDeep_IsdaFallbackProtocol_suite___expected_rows	
EQUAL	DSDeep_IssuerConcentrationCap_suite___expected_rows	
EQUAL	DSDeep_JapanBranch_suite___expected_rows	
EQUAL	DSDeep_JuniorisedContribution_suite___expected_rows	
EQUAL	DSDeep_KycCollectionStage_suite___expected_rows	
EQUAL	DSDeep_LeverageRatioTarget_suite___expected_rows	
EQUAL	DSDeep_LiborCessationEvent_suite___expected_rows	
EQUAL	DSDeep_LineageGapRule_suite___expected_rows	
EQUAL	DSDeep_LiquidityCoverageImpact_suite___expected_rows	
EQUAL	DSDeep_LiquidityCoverageTarget_suite___expected_rows	
EQUAL	DSDeep_LiquidityForecastItem_suite___expected_rows	
EQUAL	DSDeep_LitigationProvision_suite___expected_rows	
EQUAL	DSDeep_LoansAtAmortisedCost_suite___expected_rows	
EQUAL	DSDeep_LoansAtFvoci_suite___expected_rows	
EQUAL	DSDeep_LockboxService_suite___expected_rows	
EQUAL	DSDeep_LookbackConvention_suite___expected_rows	
EQUAL	DSDeep_LoroRelationship_suite___expected_rows	
EQUAL	DSDeep_LotPosition_suite___expected_rows	
EQUAL	DSDeep_LowRiskFinding_suite___expected_rows	
EQUAL	DSDeep_LuxembourgEntity_suite___expected_rows	
EQUAL	DSDeep_MainIndexEquityEligible_suite___expected_rows	
EQUAL	DSDeep_MarginStatement_suite___expected_rows	
EQUAL	DSDeep_MatterRequiringAttention_suite___expected_rows	
EQUAL	DSDeep_MaturityMismatchItem_suite___expected_rows	
EQUAL	DSDeep_MediumRiskFinding_suite___expected_rows	
EQUAL	DSDeep_MetalWarrant_suite___expected_rows	
EQUAL	DSDeep_MinorityInterestItem_suite___expected_rows	
EQUAL	DSDeep_MirrorBooking_suite___expected_rows	
EQUAL	DSDeep_MobileAppChannel_suite___expected_rows	
EQUAL	DSDeep_ModelChangePnl_suite___expected_rows	
EQUAL	DSDeep_MoneyMarketFundEligible_suite___expected_rows	
EQUAL	DSDeep_MultiCurrencyPool_suite___expected_rows	
EQUAL	DSDeep_MultiDealerPlatform_suite___expected_rows	
EQUAL	DSDeep_NaturalGasFuture_suite___expected_rows	
EQUAL	DSDeep_NestedCorrespondent_suite___expected_rows	
EQUAL	DSDeep_NetOmnibusAccount_suite___expected_rows	
EQUAL	DSDeep_NewTradePnl_suite___expected_rows	
EQUAL	DSDeep_NonControllingInterest_suite___expected_rows	
EQUAL	DSDeep_NostroRelationship_suite___expected_rows	
EQUAL	DSDeep_NoticeSavingsAccount_suite___expected_rows	
EQUAL	DSDeep_NotionalCashPool_suite___expected_rows	
EQUAL	DSDeep_NovationRequest_suite___expected_rows	
EQUAL	DSDeep_ObservationShiftConvention_suite___expected_rows	
EQUAL	DSDeep_OffboardingNoticeStage_suite___expected_rows	
EQUAL	DSDeep_OffsetMortgage_suite___expected_rows	
EQUAL	DSDeep_OmnibusSegregatedAccount_suite___expected_rows	
EQUAL	DSDeep_OperationalLossTolerance_suite___expected_rows	
EQUAL	DSDeep_OpsConfirmation_suite___expected_rows	
EQUAL	DSDeep_OrdinaryShareCapital_suite___expected_rows	
EQUAL	DSDeep_OverdraftFacility_suite___expected_rows	
EQUAL	DSDeep_OverdueRemediationAction_suite___expected_rows	
EQUAL	DSDeep_OverlayPoolStructure_suite___expected_rows	
EQUAL	DSDeep_PartialCall_suite___expected_rows	
EQUAL	DSDeep_PayableThroughAccount_suite___expected_rows	
EQUAL	DSDeep_PaymentFactory_suite___expected_rows	
EQUAL	DSDeep_PeakPowerContract_suite___expected_rows	
EQUAL	DSDeep_PensionSchemeSurplus_suite___expected_rows	
EQUAL	DSDeep_PerformanceReport_suite___expected_rows	
EQUAL	DSDeep_PeriodicRelationshipReview_suite___expected_rows	
EQUAL	DSDeep_PeriodicReviewStage_suite___expected_rows	
EQUAL	DSDeep_PerpetualTier2_suite___expected_rows	
EQUAL	DSDeep_PersonalLoan_suite___expected_rows	
EQUAL	DSDeep_PhysicalCashPool_suite___expected_rows	
EQUAL	DSDeep_PhysicalDeliveryObligation_suite___expected_rows	
EQUAL	DSDeep_PlausibilityRule_suite___expected_rows	
EQUAL	DSDeep_PledgeTransformation_suite___expected_rows	
EQUAL	DSDeep_PnLAdjustment_suite___expected_rows	
EQUAL	DSDeep_PnLAttribution_suite___expected_rows	
EQUAL	DSDeep_PnLExplain_suite___expected_rows	
EQUAL	DSDeep_PnlAccrualEntry_suite___expected_rows	
EQUAL	DSDeep_PnlExplainItem_suite___expected_rows	
EQUAL	DSDeep_PnlValuationAdjustment_suite___expected_rows	
EQUAL	DSDeep_PortedClientPosition_suite___expected_rows	
EQUAL	DSDeep_PortingArrangement_suite___expected_rows	
EQUAL	DSDeep_PositionBreak_suite___expected_rows	
EQUAL	DSDeep_PositionSnapshot_suite___expected_rows	
EQUAL	DSDeep_PositionUnwindStage_suite___expected_rows	
EQUAL	DSDeep_Position_suite___expected_rows	
EQUAL	DSDeep_PositionsReconciliationItem_suite___expected_rows	
EQUAL	DSDeep_PrincipalFillArrangement_suite___expected_rows	
EQUAL	DSDeep_ProspectStage_suite___expected_rows	
EQUAL	DSDeep_ProxyVotingRecord_suite___expected_rows	
EQUAL	DSDeep_PrudentialFilterItem_suite___expected_rows	
EQUAL	DSDeep_QualityAdjustmentItem_suite___expected_rows	
EQUAL	DSDeep_QuantoCds_suite___expected_rows	
EQUAL	DSDeep_ReactivationStage_suite___expected_rows	
EQUAL	DSDeep_ReconciliationRule_suite___expected_rows	
EQUAL	DSDeep_RecordRetentionStage_suite___expected_rows	
EQUAL	DSDeep_RecoveryLock_suite___expected_rows	
EQUAL	DSDeep_ReferentialIntegrityRule_suite___expected_rows	
EQUAL	DSDeep_RegulatoryClientNotice_suite___expected_rows	
EQUAL	DSDeep_RehypothecationRight_suite___expected_rows	
EQUAL	DSDeep_RelationshipSanctionsScreening_suite___expected_rows	
EQUAL	DSDeep_RemoteBookingArrangement_suite___expected_rows	
EQUAL	DSDeep_RepeatFinding_suite___expected_rows	
EQUAL	DSDeep_RequestForInformation_suite___expected_rows	
EQUAL	DSDeep_ReserveMovementPnl_suite___expected_rows	
EQUAL	DSDeep_RestApiChannel_suite___expected_rows	
EQUAL	DSDeep_RetainedEarningsItem_suite___expected_rows	
EQUAL	DSDeep_RevenueAllocation_suite___expected_rows	
EQUAL	DSDeep_ReverseRepoAsset_suite___expected_rows	
EQUAL	DSDeep_ReverseSplit_suite___expected_rows	
EQUAL	DSDeep_RevolvingCreditFacility_suite___expected_rows	
EQUAL	DSDeep_RhoPnl_suite___expected_rows	
EQUAL	DSDeep_RightOfUseAsset_suite___expected_rows	
EQUAL	DSDeep_RiskAcceptedFinding_suite___expected_rows	
EQUAL	DSDeep_RiskAppetiteMetric_suite___expected_rows	
EQUAL	DSDeep_RiskFreePrincipalCross_suite___expected_rows	
EQUAL	DSDeep_RiskTheoreticalPnl_suite___expected_rows	
EQUAL	DSDeep_RunOffEntity_suite___expected_rows	
EQUAL	DSDeep_SalesCredit_suite___expected_rows	
EQUAL	DSDeep_SandboxChannel_suite___expected_rows	
EQUAL	DSDeep_ScheduleAmendment_suite___expected_rows	
EQUAL	DSDeep_SectorConcentrationLimit_suite___expected_rows	
EQUAL	DSDeep_SecuritiesSettlement_suite___expected_rows	
EQUAL	DSDeep_SegregatedTransformationOutput_suite___expected_rows	
EQUAL	DSDeep_SelfIdentifiedIssue_suite___expected_rows	
EQUAL	DSDeep_SeniorNonPreferred_suite___expected_rows	
EQUAL	DSDeep_SettlementBankLine_suite___expected_rows	
EQUAL	DSDeep_SettlementLimitItem_suite___expected_rows	
EQUAL	DSDeep_SettlementSettlementFail_suite___expected_rows	
EQUAL	DSDeep_SettlementSettlementInstruction_suite___expected_rows	
EQUAL	DSDeep_Settlement_suite___expected_rows	
EQUAL	DSDeep_ShellBankProhibition_suite___expected_rows	
EQUAL	DSDeep_SingaporeBranch_suite___expected_rows	
EQUAL	DSDeep_SingleDealerPlatform_suite___expected_rows	
EQUAL	DSDeep_SingleNameConcentrationLimit_suite___expected_rows	
EQUAL	DSDeep_SmeTermLoan_suite___expected_rows	
EQUAL	DSDeep_SofrAdoption_suite___expected_rows	
EQUAL	DSDeep_SoniaAdoption_suite___expected_rows	
EQUAL	DSDeep_SovereignAaaEligible_suite___expected_rows	
EQUAL	DSDeep_SovereignSubInvestmentGrade_suite___expected_rows	
EQUAL	DSDeep_SpinOff_suite___expected_rows	
EQUAL	DSDeep_SponsoredAccess_suite___expected_rows	
EQUAL	DSDeep_StableFundingTarget_suite___expected_rows	
EQUAL	DSDeep_StalenessRule_suite___expected_rows	
EQUAL	DSDeep_StatisticalOutlierRule_suite___expected_rows	
EQUAL	DSDeep_StockMerger_suite___expected_rows	
EQUAL	DSDeep_StorageContract_suite___expected_rows	
EQUAL	DSDeep_StreamingChannel_suite___expected_rows	
EQUAL	DSDeep_StressLossLimit_suite___expected_rows	
EQUAL	DSDeep_SubstitutionRight_suite___expected_rows	
EQUAL	DSDeep_SuccessionEventItem_suite___expected_rows	
EQUAL	DSDeep_SuppressedRule_suite___expected_rows	
EQUAL	DSDeep_SupranationalEligible_suite___expected_rows	
EQUAL	DSDeep_SuspendedAccessArrangement_suite___expected_rows	
EQUAL	DSDeep_SustainabilityDisclosure_suite___expected_rows	
EQUAL	DSDeep_SwapFinancing_suite___expected_rows	
EQUAL	DSDeep_SwissEntity_suite___expected_rows	
EQUAL	DSDeep_SyntheticLiborSetting_suite___expected_rows	
EQUAL	DSDeep_TargetBalanceAccount_suite___expected_rows	
EQUAL	DSDeep_TargetCreditRating_suite___expected_rows	
EQUAL	DSDeep_TaxLot_suite___expected_rows	
EQUAL	DSDeep_TaxReportingPack_suite___expected_rows	
EQUAL	DSDeep_TemporaryWriteDownAt1_suite___expected_rows	
EQUAL	DSDeep_TenPercentDepreciationNotice_suite___expected_rows	
EQUAL	DSDeep_TermCollateralUpgrade_suite___expected_rows	
EQUAL	DSDeep_TermRiskFreeRate_suite___expected_rows	
EQUAL	DSDeep_ThematicReviewFinding_suite___expected_rows	
EQUAL	DSDeep_ThetaPnl_suite___expected_rows	
EQUAL	DSDeep_TimelinessRule_suite___expected_rows	
EQUAL	DSDeep_TlacEligibleInstrument_suite___expected_rows	
EQUAL	DSDeep_ToleranceBreachRule_suite___expected_rows	
EQUAL	DSDeep_TonaAdoption_suite___expected_rows	
EQUAL	DSDeep_ToughLegacyContract_suite___expected_rows	
EQUAL	DSDeep_TrackerMortgage_suite___expected_rows	
EQUAL	DSDeep_TradeCorrection_suite___expected_rows	
EQUAL	DSDeep_TradeException_suite___expected_rows	
EQUAL	DSDeep_TradeLifecycleEvent_suite___expected_rows	
EQUAL	DSDeep_TradeReportStatus_suite___expected_rows	
EQUAL	DSDeep_TradeReport_suite___expected_rows	
EQUAL	DSDeep_Trade_suite___expected_rows	
EQUAL	DSDeep_Trader_suite___expected_rows	
EQUAL	DSDeep_TradingAssets_suite___expected_rows	
EQUAL	DSDeep_TransactionStatement_suite___expected_rows	
EQUAL	DSDeep_TransformationCliffRisk_suite___expected_rows	
EQUAL	DSDeep_TransformationConcentrationLimit_suite___expected_rows	
EQUAL	DSDeep_TransformationFeeAccrual_suite___expected_rows	
EQUAL	DSDeep_TransformationRecall_suite___expected_rows	
EQUAL	DSDeep_TransitionBasisSwap_suite___expected_rows	
EQUAL	DSDeep_TransportCapacityContract_suite___expected_rows	
EQUAL	DSDeep_TriggerEventReviewStage_suite___expected_rows	
EQUAL	DSDeep_UkBranch_suite___expected_rows	
EQUAL	DSDeep_UkSubsidiary_suite___expected_rows	
EQUAL	DSDeep_UnexplainedPnl_suite___expected_rows	
EQUAL	DSDeep_UniquenessRule_suite___expected_rows	
EQUAL	DSDeep_UsBranch_suite___expected_rows	
EQUAL	DSDeep_UsIntermediateHoldingCompany_suite___expected_rows	
EQUAL	DSDeep_ValuationStatement_suite___expected_rows	
EQUAL	DSDeep_ValueAtRiskLimit_suite___expected_rows	
EQUAL	DSDeep_VariationMarginPosting_suite___expected_rows	
EQUAL	DSDeep_VegaPnl_suite___expected_rows	
EQUAL	DSDeep_VirtualAccount_suite___expected_rows	
EQUAL	DSDeep_VoiceTradeChannel_suite___expected_rows	
EQUAL	DSDeep_VostroRelationship_suite___expected_rows	
EQUAL	DSDeep_WhiteLabelChannel_suite___expected_rows	
EQUAL	DSDeep_WithholdingOnPoolInterest_suite___expected_rows	
EQUAL	DSDeep_WolfsbergQuestionnaire_suite___expected_rows	
EQUAL	DSDeep_WrongWayCollateralExclusion_suite___expected_rows	
EQUAL	DSDeep_WtiCrudeFuture_suite___expected_rows	
EQUAL	DSDeep_ZeroBalanceAccount_suite___expected_rows	
EQUAL	DSGroup_AccountOpeningStage_suite___expected_rows	
EQUAL	DSGroup_AdditionalTier1Perpetual_suite___expected_rows	
EQUAL	DSGroup_AdviserPortalChannel_suite___expected_rows	
EQUAL	DSGroup_AgencyMortgageBackedEligible_suite___expected_rows	
EQUAL	DSGroup_AggregatorFeedChannel_suite___expected_rows	
EQUAL	DSGroup_AgriculturalFuture_suite___expected_rows	
EQUAL	DSGroup_AlgorithmicAccessArrangement_suite___expected_rows	
EQUAL	DSGroup_AlgorithmicStablecoin_suite___expected_rows	
EQUAL	DSGroup_AllocatedGold_suite___expected_rows	
EQUAL	DSGroup_Allocation_suite___expected_rows	
EQUAL	DSGroup_AmendedTradePnl_suite___expected_rows	
EQUAL	DSGroup_AnnualSuitabilityReport_suite___expected_rows	
EQUAL	DSGroup_AppetiteBreachEscalation_suite___expected_rows	
EQUAL	DSGroup_AssessmentCall_suite___expected_rows	
EQUAL	DSGroup_AssetClassCap_suite___expected_rows	
EQUAL	DSGroup_AssetFinanceAgreement_suite___expected_rows	
EQUAL	DSGroup_AttributionReport_suite___expected_rows	
EQUAL	DSGroup_AuctionSettlementItem_suite___expected_rows	
EQUAL	DSGroup_AuditFinding_suite___expected_rows	
EQUAL	DSGroup_BackToBackBooking_suite___expected_rows	
EQUAL	DSGroup_BalanceSheetItem_suite___expected_rows	
EQUAL	DSGroup_BankingProduct_suite___expected_rows	
EQUAL	DSGroup_BaseloadPowerContract_suite___expected_rows	
EQUAL	DSGroup_BenchmarkTransitionItem_suite___expected_rows	
EQUAL	DSGroup_BenchmarkreformConsentSolicitation_suite___expected_rows	
EQUAL	DSGroup_BeneficialOwnershipStage_suite___expected_rows	
EQUAL	DSGroup_BespokeTranche_suite___expected_rows	
EQUAL	DSGroup_BinaryProtocolChannel_suite___expected_rows	
EQUAL	DSGroup_Book_suite___expected_rows	
EQUAL	DSGroup_BookingLocation_suite___expected_rows	
EQUAL	DSGroup_BreakResolution_suite___expected_rows	
EQUAL	DSGroup_BrentCrudeFuture_suite___expected_rows	
EQUAL	DSGroup_BuyToLetMortgage_suite___expected_rows	
EQUAL	DSGroup_CallRedemption_suite___expected_rows	
EQUAL	DSGroup_CapitalBufferRequirement_suite___expected_rows	
EQUAL	DSGroup_CapitalGain_suite___expected_rows	
EQUAL	DSGroup_CapitalInstrument_suite___expected_rows	
EQUAL	DSGroup_CapitalisedSoftware_suite___expected_rows	
EQUAL	DSGroup_CareOrderArrangement_suite___expected_rows	
EQUAL	DSGroup_CarryPnl_suite___expected_rows	
EQUAL	DSGroup_CashEligible_suite___expected_rows	
EQUAL	DSGroup_CashManagementItem_suite___expected_rows	
EQUAL	DSGroup_CashMerger_suite___expected_rows	
EQUAL	DSGroup_CashSettlement_suite___expected_rows	
EQUAL	DSGroup_CaymanSpecialPurposeVehicle_suite___expected_rows	
EQUAL	DSGroup_CcpEligibleCollateral_suite___expected_rows	
EQUAL	DSGroup_CcpLiquidityAddOn_suite___expected_rows	
EQUAL	DSGroup_CcpRecoveryTool_suite___expected_rows	
EQUAL	DSGroup_CcpSkinInTheGame_suite___expected_rows	
EQUAL	DSGroup_CdsIndexTrade_suite___expected_rows	
EQUAL	DSGroup_CgBlocMembership_suite___expected_rows	
EQUAL	DSGroup_CgCity_suite___expected_rows	
EQUAL	DSGroup_CgCountry_suite___expected_rows	
EQUAL	DSGroup_ChatNegotiationChannel_suite___expected_rows	
EQUAL	DSGroup_ClearedTrade_suite___expected_rows	
EQUAL	DSGroup_ClearingArrangement_suite___expected_rows	
EQUAL	DSGroup_ClearingmembersDefaultFundContribution_suite___expected_rows	
EQUAL	DSGroup_ClientAccessArrangement_suite___expected_rows	
EQUAL	DSGroup_ClientAccount_suite___expected_rows	
EQUAL	DSGroup_ClientCorporateActionNotice_suite___expected_rows	
EQUAL	DSGroup_ClientLifecycleStage_suite___expected_rows	
EQUAL	DSGroup_ClientReport_suite___expected_rows	
EQUAL	DSGroup_ClientRiskRatingStage_suite___expected_rows	
EQUAL	DSGroup_ClientRiskReport_suite___expected_rows	
EQUAL	DSGroup_ClientreportingBestExecutionReport_suite___expected_rows	
EQUAL	DSGroup_ClosedUnverifiedFinding_suite___expected_rows	
EQUAL	DSGroup_ClosedVerifiedFinding_suite___expected_rows	
EQUAL	DSGroup_CollateralScheduleItem_suite___expected_rows	
EQUAL	DSGroup_CollateralTransformation_suite___expected_rows	
EQUAL	DSGroup_CollateraltransformCollateralDowngradeTrade_suite___expected_rows	
EQUAL	DSGroup_CollateraltransformCollateralUpgradeTrade_suite___expected_rows	
EQUAL	DSGroup_CollectionsOnBehalfOf_suite___expected_rows	
EQUAL	DSGroup_CommercialMortgage_suite___expected_rows	
EQUAL	DSGroup_CommoditiesFreightForwardAgreement_suite___expected_rows	
EQUAL	DSGroup_CommoditiesWeatherDerivative_suite___expected_rows	
EQUAL	DSGroup_CommodityContract_suite___expected_rows	
EQUAL	DSGroup_CommonEquityRatioTarget_suite___expected_rows	
EQUAL	DSGroup_CompletenessRule_suite___expected_rows	
EQUAL	DSGroup_CompoundedInArrears_suite___expected_rows	
EQUAL	DSGroup_ConcentrationAddOn_suite___expected_rows	
EQUAL	DSGroup_ConductRiskTolerance_suite___expected_rows	
EQUAL	DSGroup_ContingentConvertible_suite___expected_rows	
EQUAL	DSGroup_ContractNote_suite___expected_rows	
EQUAL	DSGroup_ControlDesignDeficiency_suite___expected_rows	
EQUAL	DSGroup_ControlOperatingDeficiency_suite___expected_rows	
EQUAL	DSGroup_CorpactionsxBonusIssue_suite___expected_rows	
EQUAL	DSGroup_CorpactionsxCashDividend_suite___expected_rows	
EQUAL	DSGroup_CorpactionsxDelisting_suite___expected_rows	
EQUAL	DSGroup_CorpactionsxNameChange_suite___expected_rows	
EQUAL	DSGroup_CorpactionsxRightsIssue_suite___expected_rows	
EQUAL	DSGroup_CorpactionsxSchemeOfArrangement_suite___expected_rows	
EQUAL	DSGroup_CorpactionsxSpecialDividend_suite___expected_rows	
EQUAL	DSGroup_CorpactionsxStockDividend_suite___expected_rows	
EQUAL	DSGroup_CorpactionsxStockSplit_suite___expected_rows	
EQUAL	DSGroup_CorpactionsxTenderOffer_suite___expected_rows	
EQUAL	DSGroup_CorporateEventType_suite___expected_rows	
EQUAL	DSGroup_CorporateHighYieldEligible_suite___expected_rows	
EQUAL	DSGroup_CorporateInvestmentGradeEligible_suite___expected_rows	
EQUAL	DSGroup_CorrespondentRelationship_suite___expected_rows	
EQUAL	DSGroup_CorrespondentTransactionMonitoring_suite___expected_rows	
EQUAL	DSGroup_CostsAndChargesDisclosure_suite___expected_rows	
EQUAL	DSGroup_CountryRiskLimit_suite___expected_rows	
EQUAL	DSGroup_CreditAdjustmentSpread_suite___expected_rows	
EQUAL	DSGroup_CreditApprovalStage_suite___expected_rows	
EQUAL	DSGroup_CreditCardFacility_suite___expected_rows	
EQUAL	DSGroup_CreditDefaultSwaption_suite___expected_rows	
EQUAL	DSGroup_CreditStructure_suite___expected_rows	
EQUAL	DSGroup_CreditTotalReturnSwap_suite___expected_rows	
EQUAL	DSGroup_CreditstructuresConstantMaturityCds_suite___expected_rows	
EQUAL	DSGroup_CreditstructuresCreditLinkedNote_suite___expected_rows	
EQUAL	DSGroup_CreditstructuresFirstToDefaultBasket_suite___expected_rows	
EQUAL	DSGroup_CreditstructuresLoanCds_suite___expected_rows	
EQUAL	DSGroup_CreditstructuresNthToDefaultBasket_suite___expected_rows	
EQUAL	DSGroup_CreditstructuresRecoverySwap_suite___expected_rows	
EQUAL	DSGroup_CreditstructuresSovereignCds_suite___expected_rows	
EQUAL	DSGroup_CriticalDataElementRule_suite___expected_rows	
EQUAL	DSGroup_CriticalFinding_suite___expected_rows	
EQUAL	DSGroup_CrossBorderAccessArrangement_suite___expected_rows	
EQUAL	DSGroup_CrossBorderSweep_suite___expected_rows	
EQUAL	DSGroup_CrossFieldConsistencyRule_suite___expected_rows	
EQUAL	DSGroup_CrossGammaPnl_suite___expected_rows	
EQUAL	DSGroup_CrossMarginBenefit_suite___expected_rows	
EQUAL	DSGroup_CrossSystemConsistencyRule_suite___expected_rows	
EQUAL	DSGroup_CurrencyMismatchHaircut_suite___expected_rows	
EQUAL	DSGroup_CurrentAccount_suite___expected_rows	
EQUAL	DSGroup_CustodiedCryptoHolding_suite___expected_rows	
EQUAL	DSGroup_CustomerDepositLiability_suite___expected_rows	
EQUAL	DSGroup_DailyPnL_suite___expected_rows	
EQUAL	DSGroup_DataQualityFinding_suite___expected_rows	
EQUAL	DSGroup_DataQualityRule_suite___expected_rows	
EQUAL	DSGroup_DatedTier2_suite___expected_rows	
EQUAL	DSGroup_DeRiskingExit_suite___expected_rows	
EQUAL	DSGroup_DefaultAuctionParticipation_suite___expected_rows	
EQUAL	DSGroup_DeferredTaxAsset_suite___expected_rows	
EQUAL	DSGroup_DeferredTaxDeduction_suite___expected_rows	
EQUAL	DSGroup_DeltaPnl_suite___expected_rows	
EQUAL	DSGroup_DeprecatedChannel_suite___expected_rows	
EQUAL	DSGroup_DerivativeAsset_suite___expected_rows	
EQUAL	DSGroup_DerivativeLiability_suite___expected_rows	
EQUAL	DSGroup_DirectExchangeMembership_suite___expected_rows	
EQUAL	DSGroup_DirectMarketAccess_suite___expected_rows	
EQUAL	DSGroup_DistributionChannel_suite___expected_rows	
EQUAL	DSGroup_DocumentationNegotiationStage_suite___expected_rows	
EQUAL	DSGroup_DomainValidityRule_suite___expected_rows	
EQUAL	DSGroup_DormantClientStage_suite___expected_rows	
EQUAL	DSGroup_DownstreamClearing_suite___expected_rows	
EQUAL	DSGroup_EarlyWarningIndicator_suite___expected_rows	
EQUAL	DSGroup_EarningsVolatilityTolerance_suite___expected_rows	
EQUAL	DSGroup_EmailIndicationChannel_suite___expected_rows	
EQUAL	DSGroup_EmissionsAllowance_suite___expected_rows	
EQUAL	DSGroup_EnhancedDueDiligenceItem_suite___expected_rows	
EQUAL	DSGroup_EstrAdoption_suite___expected_rows	
EQUAL	DSGroup_EtfEligible_suite___expected_rows	
EQUAL	DSGroup_EuSubsidiary_suite___expected_rows	
EQUAL	DSGroup_EvergreenCollateralUpgrade_suite___expected_rows	
EQUAL	DSGroup_ExcessCollateral_suite___expected_rows	
EQUAL	DSGroup_ExtendedRemediationAction_suite___expected_rows	
EQUAL	DSGroup_FallbackTriggerEvent_suite___expected_rows	
EQUAL	DSGroup_FileTransferChannel_suite___expected_rows	
EQUAL	DSGroup_FirstTradeStage_suite___expected_rows	
EQUAL	DSGroup_FixSessionChannel_suite___expected_rows	
EQUAL	DSGroup_FixedRateMortgage_suite___expected_rows	
EQUAL	DSGroup_FixedTermDeposit_suite___expected_rows	
EQUAL	DSGroup_FormatValidityRule_suite___expected_rows	
EQUAL	DSGroup_FundingPnl_suite___expected_rows	
EQUAL	DSGroup_FxTranslationPnl_suite___expected_rows	
EQUAL	DSGroup_GammaPnl_suite___expected_rows	
EQUAL	DSGroup_GeneralClearingMemberService_suite___expected_rows	
EQUAL	DSGroup_GiveUpArrangement_suite___expected_rows	
EQUAL	DSGroup_GoldEligible_suite___expected_rows	
EQUAL	DSGroup_GoldLocoLondon_suite___expected_rows	
EQUAL	DSGroup_GoodwillAsset_suite___expected_rows	
EQUAL	DSGroup_GoodwillDeduction_suite___expected_rows	
EQUAL	DSGroup_GrandfatheredInstrument_suite___expected_rows	
EQUAL	DSGroup_Greeks_suite___expected_rows	
EQUAL	DSGroup_HaircutDifferential_suite___expected_rows	
EQUAL	DSGroup_HighQualityLiquidAssetLevel1_suite___expected_rows	
EQUAL	DSGroup_HighQualityLiquidAssetLevel2a_suite___expected_rows	
EQUAL	DSGroup_HighRiskFinding_suite___expected_rows	
EQUAL	DSGroup_HoldcoSenior_suite___expected_rows	
EQUAL	DSGroup_HongKongBranch_suite___expected_rows	
EQUAL	DSGroup_HouseAccount_suite___expected_rows	
LITE-ONLY	DSGroup_HypotheticalPnL_suite___expected_rows	
ENGINE-ONLY	DSGroup_HypotheticalPnl_suite___expected_rows	
EQUAL	DSGroup_IdxConstituent_suite___expected_rows	
EQUAL	DSGroup_IdxCountryWeight_suite___expected_rows	
EQUAL	DSGroup_ImpactToleranceThreshold_suite___expected_rows	
EQUAL	DSGroup_InHouseBankAccount_suite___expected_rows	
EQUAL	DSGroup_IndexTranche_suite___expected_rows	
EQUAL	DSGroup_IndirectClearingArrangement_suite___expected_rows	
EQUAL	DSGroup_IndividuallySegregatedAccount_suite___expected_rows	
EQUAL	DSGroup_InitialMarginPosting_suite___expected_rows	
EQUAL	DSGroup_InitialScreeningStage_suite___expected_rows	
EQUAL	DSGroup_InstantAccessSavings_suite___expected_rows	
EQUAL	DSGroup_IntercompanyLoanItem_suite___expected_rows	
EQUAL	DSGroup_InterestOptimisationItem_suite___expected_rows	
EQUAL	DSGroup_IntradayCreditLine_suite___expected_rows	
EQUAL	DSGroup_InvoiceFinanceFacility_suite___expected_rows	
EQUAL	DSGroup_IrelandEntity_suite___expected_rows	
EQUAL	DSGroup_IsdaFallbackProtocol_suite___expected_rows	
EQUAL	DSGroup_IssuerConcentrationCap_suite___expected_rows	
EQUAL	DSGroup_JapanBranch_suite___expected_rows	
EQUAL	DSGroup_JuniorisedContribution_suite___expected_rows	
EQUAL	DSGroup_KycCollectionStage_suite___expected_rows	
EQUAL	DSGroup_LeverageRatioTarget_suite___expected_rows	
EQUAL	DSGroup_LiborCessationEvent_suite___expected_rows	
EQUAL	DSGroup_LineageGapRule_suite___expected_rows	
EQUAL	DSGroup_LiquidityCoverageImpact_suite___expected_rows	
EQUAL	DSGroup_LiquidityCoverageTarget_suite___expected_rows	
EQUAL	DSGroup_LiquidityForecastItem_suite___expected_rows	
EQUAL	DSGroup_LitigationProvision_suite___expected_rows	
EQUAL	DSGroup_LoansAtAmortisedCost_suite___expected_rows	
EQUAL	DSGroup_LoansAtFvoci_suite___expected_rows	
EQUAL	DSGroup_LockboxService_suite___expected_rows	
EQUAL	DSGroup_LookbackConvention_suite___expected_rows	
EQUAL	DSGroup_LoroRelationship_suite___expected_rows	
EQUAL	DSGroup_LotPosition_suite___expected_rows	
EQUAL	DSGroup_LowRiskFinding_suite___expected_rows	
EQUAL	DSGroup_LuxembourgEntity_suite___expected_rows	
EQUAL	DSGroup_MainIndexEquityEligible_suite___expected_rows	
EQUAL	DSGroup_MarginStatement_suite___expected_rows	
EQUAL	DSGroup_MatterRequiringAttention_suite___expected_rows	
EQUAL	DSGroup_MaturityMismatchItem_suite___expected_rows	
EQUAL	DSGroup_MediumRiskFinding_suite___expected_rows	
EQUAL	DSGroup_MetalWarrant_suite___expected_rows	
EQUAL	DSGroup_MinorityInterestItem_suite___expected_rows	
EQUAL	DSGroup_MirrorBooking_suite___expected_rows	
EQUAL	DSGroup_MobileAppChannel_suite___expected_rows	
EQUAL	DSGroup_ModelChangePnl_suite___expected_rows	
EQUAL	DSGroup_MoneyMarketFundEligible_suite___expected_rows	
EQUAL	DSGroup_MultiCurrencyPool_suite___expected_rows	
EQUAL	DSGroup_MultiDealerPlatform_suite___expected_rows	
EQUAL	DSGroup_NaturalGasFuture_suite___expected_rows	
EQUAL	DSGroup_NestedCorrespondent_suite___expected_rows	
EQUAL	DSGroup_NetOmnibusAccount_suite___expected_rows	
EQUAL	DSGroup_NewTradePnl_suite___expected_rows	
EQUAL	DSGroup_NonControllingInterest_suite___expected_rows	
EQUAL	DSGroup_NostroRelationship_suite___expected_rows	
EQUAL	DSGroup_NoticeSavingsAccount_suite___expected_rows	
EQUAL	DSGroup_NotionalCashPool_suite___expected_rows	
EQUAL	DSGroup_NovationRequest_suite___expected_rows	
EQUAL	DSGroup_ObservationShiftConvention_suite___expected_rows	
EQUAL	DSGroup_OffboardingNoticeStage_suite___expected_rows	
EQUAL	DSGroup_OffsetMortgage_suite___expected_rows	
EQUAL	DSGroup_OmnibusSegregatedAccount_suite___expected_rows	
EQUAL	DSGroup_OperationalLossTolerance_suite___expected_rows	
EQUAL	DSGroup_OpsConfirmation_suite___expected_rows	
EQUAL	DSGroup_OrdinaryShareCapital_suite___expected_rows	
EQUAL	DSGroup_OverdraftFacility_suite___expected_rows	
EQUAL	DSGroup_OverdueRemediationAction_suite___expected_rows	
EQUAL	DSGroup_OverlayPoolStructure_suite___expected_rows	
EQUAL	DSGroup_PartialCall_suite___expected_rows	
EQUAL	DSGroup_PayableThroughAccount_suite___expected_rows	
EQUAL	DSGroup_PaymentFactory_suite___expected_rows	
EQUAL	DSGroup_PeakPowerContract_suite___expected_rows	
EQUAL	DSGroup_PensionSchemeSurplus_suite___expected_rows	
EQUAL	DSGroup_PerformanceReport_suite___expected_rows	
EQUAL	DSGroup_PeriodicRelationshipReview_suite___expected_rows	
EQUAL	DSGroup_PeriodicReviewStage_suite___expected_rows	
EQUAL	DSGroup_PerpetualTier2_suite___expected_rows	
EQUAL	DSGroup_PersonalLoan_suite___expected_rows	
EQUAL	DSGroup_PhysicalCashPool_suite___expected_rows	
EQUAL	DSGroup_PhysicalDeliveryObligation_suite___expected_rows	
EQUAL	DSGroup_PlausibilityRule_suite___expected_rows	
EQUAL	DSGroup_PledgeTransformation_suite___expected_rows	
EQUAL	DSGroup_PnLAdjustment_suite___expected_rows	
EQUAL	DSGroup_PnLAttribution_suite___expected_rows	
EQUAL	DSGroup_PnLExplain_suite___expected_rows	
EQUAL	DSGroup_PnlAccrualEntry_suite___expected_rows	
EQUAL	DSGroup_PnlExplainItem_suite___expected_rows	
EQUAL	DSGroup_PnlValuationAdjustment_suite___expected_rows	
EQUAL	DSGroup_PortedClientPosition_suite___expected_rows	
EQUAL	DSGroup_PortingArrangement_suite___expected_rows	
EQUAL	DSGroup_PositionBreak_suite___expected_rows	
EQUAL	DSGroup_PositionSnapshot_suite___expected_rows	
EQUAL	DSGroup_PositionUnwindStage_suite___expected_rows	
EQUAL	DSGroup_Position_suite___expected_rows	
EQUAL	DSGroup_PositionsReconciliationItem_suite___expected_rows	
EQUAL	DSGroup_PrincipalFillArrangement_suite___expected_rows	
EQUAL	DSGroup_ProspectStage_suite___expected_rows	
EQUAL	DSGroup_ProxyVotingRecord_suite___expected_rows	
EQUAL	DSGroup_PrudentialFilterItem_suite___expected_rows	
EQUAL	DSGroup_QualityAdjustmentItem_suite___expected_rows	
EQUAL	DSGroup_QuantoCds_suite___expected_rows	
EQUAL	DSGroup_ReactivationStage_suite___expected_rows	
EQUAL	DSGroup_ReconciliationRule_suite___expected_rows	
EQUAL	DSGroup_RecordRetentionStage_suite___expected_rows	
EQUAL	DSGroup_RecoveryLock_suite___expected_rows	
EQUAL	DSGroup_ReferentialIntegrityRule_suite___expected_rows	
EQUAL	DSGroup_RegulatoryClientNotice_suite___expected_rows	
EQUAL	DSGroup_RehypothecationRight_suite___expected_rows	
EQUAL	DSGroup_RelationshipSanctionsScreening_suite___expected_rows	
EQUAL	DSGroup_RemoteBookingArrangement_suite___expected_rows	
EQUAL	DSGroup_RepeatFinding_suite___expected_rows	
EQUAL	DSGroup_RequestForInformation_suite___expected_rows	
EQUAL	DSGroup_ReserveMovementPnl_suite___expected_rows	
EQUAL	DSGroup_RestApiChannel_suite___expected_rows	
EQUAL	DSGroup_RetainedEarningsItem_suite___expected_rows	
EQUAL	DSGroup_RevenueAllocation_suite___expected_rows	
EQUAL	DSGroup_ReverseRepoAsset_suite___expected_rows	
EQUAL	DSGroup_ReverseSplit_suite___expected_rows	
EQUAL	DSGroup_RevolvingCreditFacility_suite___expected_rows	
EQUAL	DSGroup_RhoPnl_suite___expected_rows	
EQUAL	DSGroup_RightOfUseAsset_suite___expected_rows	
EQUAL	DSGroup_RiskAcceptedFinding_suite___expected_rows	
EQUAL	DSGroup_RiskAppetiteMetric_suite___expected_rows	
EQUAL	DSGroup_RiskFreePrincipalCross_suite___expected_rows	
EQUAL	DSGroup_RiskTheoreticalPnl_suite___expected_rows	
EQUAL	DSGroup_RunOffEntity_suite___expected_rows	
EQUAL	DSGroup_SalesCredit_suite___expected_rows	
EQUAL	DSGroup_SandboxChannel_suite___expected_rows	
EQUAL	DSGroup_ScheduleAmendment_suite___expected_rows	
EQUAL	DSGroup_SectorConcentrationLimit_suite___expected_rows	
EQUAL	DSGroup_SecuritiesSettlement_suite___expected_rows	
EQUAL	DSGroup_SegregatedTransformationOutput_suite___expected_rows	
EQUAL	DSGroup_SelfIdentifiedIssue_suite___expected_rows	
EQUAL	DSGroup_SeniorNonPreferred_suite___expected_rows	
EQUAL	DSGroup_SettlementBankLine_suite___expected_rows	
EQUAL	DSGroup_SettlementLimitItem_suite___expected_rows	
EQUAL	DSGroup_SettlementSettlementFail_suite___expected_rows	
EQUAL	DSGroup_SettlementSettlementInstruction_suite___expected_rows	
EQUAL	DSGroup_Settlement_suite___expected_rows	
EQUAL	DSGroup_ShellBankProhibition_suite___expected_rows	
EQUAL	DSGroup_SingaporeBranch_suite___expected_rows	
EQUAL	DSGroup_SingleDealerPlatform_suite___expected_rows	
EQUAL	DSGroup_SingleNameConcentrationLimit_suite___expected_rows	
EQUAL	DSGroup_SmeTermLoan_suite___expected_rows	
EQUAL	DSGroup_SofrAdoption_suite___expected_rows	
EQUAL	DSGroup_SoniaAdoption_suite___expected_rows	
EQUAL	DSGroup_SovereignAaaEligible_suite___expected_rows	
EQUAL	DSGroup_SovereignSubInvestmentGrade_suite___expected_rows	
EQUAL	DSGroup_SpinOff_suite___expected_rows	
EQUAL	DSGroup_SponsoredAccess_suite___expected_rows	
EQUAL	DSGroup_StableFundingTarget_suite___expected_rows	
EQUAL	DSGroup_StalenessRule_suite___expected_rows	
EQUAL	DSGroup_StatisticalOutlierRule_suite___expected_rows	
EQUAL	DSGroup_StockMerger_suite___expected_rows	
EQUAL	DSGroup_StorageContract_suite___expected_rows	
EQUAL	DSGroup_StreamingChannel_suite___expected_rows	
EQUAL	DSGroup_StressLossLimit_suite___expected_rows	
EQUAL	DSGroup_SubstitutionRight_suite___expected_rows	
EQUAL	DSGroup_SuccessionEventItem_suite___expected_rows	
EQUAL	DSGroup_SuppressedRule_suite___expected_rows	
EQUAL	DSGroup_SupranationalEligible_suite___expected_rows	
EQUAL	DSGroup_SuspendedAccessArrangement_suite___expected_rows	
EQUAL	DSGroup_SustainabilityDisclosure_suite___expected_rows	
EQUAL	DSGroup_SwapFinancing_suite___expected_rows	
EQUAL	DSGroup_SwissEntity_suite___expected_rows	
EQUAL	DSGroup_SyntheticLiborSetting_suite___expected_rows	
EQUAL	DSGroup_TargetBalanceAccount_suite___expected_rows	
EQUAL	DSGroup_TargetCreditRating_suite___expected_rows	
EQUAL	DSGroup_TaxLot_suite___expected_rows	
EQUAL	DSGroup_TaxReportingPack_suite___expected_rows	
EQUAL	DSGroup_TemporaryWriteDownAt1_suite___expected_rows	
EQUAL	DSGroup_TenPercentDepreciationNotice_suite___expected_rows	
EQUAL	DSGroup_TermCollateralUpgrade_suite___expected_rows	
EQUAL	DSGroup_TermRiskFreeRate_suite___expected_rows	
EQUAL	DSGroup_ThematicReviewFinding_suite___expected_rows	
EQUAL	DSGroup_ThetaPnl_suite___expected_rows	
EQUAL	DSGroup_TimelinessRule_suite___expected_rows	
EQUAL	DSGroup_TlacEligibleInstrument_suite___expected_rows	
EQUAL	DSGroup_ToleranceBreachRule_suite___expected_rows	
EQUAL	DSGroup_TonaAdoption_suite___expected_rows	
EQUAL	DSGroup_ToughLegacyContract_suite___expected_rows	
EQUAL	DSGroup_TrackerMortgage_suite___expected_rows	
EQUAL	DSGroup_TradeCorrection_suite___expected_rows	
EQUAL	DSGroup_TradeException_suite___expected_rows	
EQUAL	DSGroup_TradeLifecycleEvent_suite___expected_rows	
EQUAL	DSGroup_TradeReportStatus_suite___expected_rows	
EQUAL	DSGroup_TradeReport_suite___expected_rows	
EQUAL	DSGroup_Trade_suite___expected_rows	
EQUAL	DSGroup_Trader_suite___expected_rows	
EQUAL	DSGroup_TradingAssets_suite___expected_rows	
EQUAL	DSGroup_TransactionStatement_suite___expected_rows	
EQUAL	DSGroup_TransformationCliffRisk_suite___expected_rows	
EQUAL	DSGroup_TransformationConcentrationLimit_suite___expected_rows	
EQUAL	DSGroup_TransformationFeeAccrual_suite___expected_rows	
EQUAL	DSGroup_TransformationRecall_suite___expected_rows	
EQUAL	DSGroup_TransitionBasisSwap_suite___expected_rows	
EQUAL	DSGroup_TransportCapacityContract_suite___expected_rows	
EQUAL	DSGroup_TriggerEventReviewStage_suite___expected_rows	
EQUAL	DSGroup_UkBranch_suite___expected_rows	
EQUAL	DSGroup_UkSubsidiary_suite___expected_rows	
EQUAL	DSGroup_UnexplainedPnl_suite___expected_rows	
EQUAL	DSGroup_UniquenessRule_suite___expected_rows	
EQUAL	DSGroup_UsBranch_suite___expected_rows	
EQUAL	DSGroup_UsIntermediateHoldingCompany_suite___expected_rows	
EQUAL	DSGroup_ValuationStatement_suite___expected_rows	
EQUAL	DSGroup_ValueAtRiskLimit_suite___expected_rows	
EQUAL	DSGroup_VariationMarginPosting_suite___expected_rows	
EQUAL	DSGroup_VegaPnl_suite___expected_rows	
EQUAL	DSGroup_VirtualAccount_suite___expected_rows	
EQUAL	DSGroup_VoiceTradeChannel_suite___expected_rows	
EQUAL	DSGroup_VostroRelationship_suite___expected_rows	
EQUAL	DSGroup_WhiteLabelChannel_suite___expected_rows	
EQUAL	DSGroup_WithholdingOnPoolInterest_suite___expected_rows	
EQUAL	DSGroup_WolfsbergQuestionnaire_suite___expected_rows	
EQUAL	DSGroup_WrongWayCollateralExclusion_suite___expected_rows	
EQUAL	DSGroup_WtiCrudeFuture_suite___expected_rows	
EQUAL	DSGroup_ZeroBalanceAccount_suite___expected_rows	
EQUAL	DSLocal_AccessEntitlement_suite___expected_rows	
EQUAL	DSLocal_AccountIdentifier_suite___expected_rows	
EQUAL	DSLocal_AccountMandate_suite___expected_rows	
EQUAL	DSLocal_AccountRecord_suite___expected_rows	
EQUAL	DSLocal_AccountRestriction_suite___expected_rows	
EQUAL	DSLocal_AccountStatusEvent_suite___expected_rows	
EQUAL	DSLocal_AccountingEntry_suite___expected_rows	
EQUAL	DSLocal_AccountingRule_suite___expected_rows	
EQUAL	DSLocal_AccrualSchedule_suite___expected_rows	
EQUAL	DSLocal_Agreement_suite___expected_rows	
EQUAL	DSLocal_Allocation_suite___expected_rows	
EQUAL	DSLocal_AnalystCoverage_suite___expected_rows	
EQUAL	DSLocal_AnalystRecommendation_suite___expected_rows	
EQUAL	DSLocal_Approver_suite___expected_rows	
EQUAL	DSLocal_AssetClassDefinition_suite___expected_rows	
EQUAL	DSLocal_AuditFinding_suite___expected_rows	
EQUAL	DSLocal_AuditTrail_suite___expected_rows	
EQUAL	DSLocal_BackofficeNostroAccount_suite___expected_rows	
EQUAL	DSLocal_BackofficeReconciliationItem_suite___expected_rows	
EQUAL	DSLocal_BackofficeSettlementInstruction_suite___expected_rows	
EQUAL	DSLocal_BalanceSheetItem_suite___expected_rows	
EQUAL	DSLocal_BalanceSheet_suite___expected_rows	
EQUAL	DSLocal_BankingProduct_suite___expected_rows	
EQUAL	DSLocal_BenchmarkIndex_suite___expected_rows	
EQUAL	DSLocal_BenchmarkRate_suite___expected_rows	
EQUAL	DSLocal_BenchmarkTransitionItem_suite___expected_rows	
EQUAL	DSLocal_BeneficialOwner_suite___expected_rows	
EQUAL	DSLocal_Book_suite___expected_rows	
EQUAL	DSLocal_BookingLocation_suite___expected_rows	
EQUAL	DSLocal_BorrowAvailability_suite___expected_rows	
EQUAL	DSLocal_Branch_suite___expected_rows	
EQUAL	DSLocal_BreakResolution_suite___expected_rows	
EQUAL	DSLocal_BrokerageTier_suite___expected_rows	
EQUAL	DSLocal_BusinessUnit_suite___expected_rows	
EQUAL	DSLocal_CCPMarginCall_suite___expected_rows	
EQUAL	DSLocal_Calendar_suite___expected_rows	
EQUAL	DSLocal_CapitalGain_suite___expected_rows	
EQUAL	DSLocal_CapitalInstrument_suite___expected_rows	
EQUAL	DSLocal_CashBalance_suite___expected_rows	
EQUAL	DSLocal_CashFlow_suite___expected_rows	
EQUAL	DSLocal_CashForecast_suite___expected_rows	
EQUAL	DSLocal_CashManagementItem_suite___expected_rows	
EQUAL	DSLocal_CashSettlement_suite___expected_rows	
EQUAL	DSLocal_CcCalendar_suite___expected_rows	
EQUAL	DSLocal_CcHoliday_suite___expected_rows	
EQUAL	DSLocal_CcMarket_suite___expected_rows	
EQUAL	DSLocal_CcSettlementCycle_suite___expected_rows	
EQUAL	DSLocal_CfxCrossRate_suite___expected_rows	
EQUAL	DSLocal_CfxCurrencyPair_suite___expected_rows	
EQUAL	DSLocal_CfxFixingSource_suite___expected_rows	
EQUAL	DSLocal_CfxRate_suite___expected_rows	
EQUAL	DSLocal_CgBlocMembership_suite___expected_rows	
EQUAL	DSLocal_CgBloc_suite___expected_rows	
EQUAL	DSLocal_CgCity_suite___expected_rows	
EQUAL	DSLocal_CgCountryProfile_suite___expected_rows	
EQUAL	DSLocal_CgCountry_suite___expected_rows	
EQUAL	DSLocal_CgMacroRegion_suite___expected_rows	
EQUAL	DSLocal_CgOfficialLanguage_suite___expected_rows	
EQUAL	DSLocal_CgSubRegion_suite___expected_rows	
EQUAL	DSLocal_CgSubdivision_suite___expected_rows	
EQUAL	DSLocal_CgTimeZone_suite___expected_rows	
EQUAL	DSLocal_CgTradeAgreement_suite___expected_rows	
EQUAL	DSLocal_Classification_suite___expected_rows	
EQUAL	DSLocal_ClearedTrade_suite___expected_rows	
EQUAL	DSLocal_ClearingArrangement_suite___expected_rows	
EQUAL	DSLocal_ClearingClearingFee_suite___expected_rows	
EQUAL	DSLocal_ClearingHouse_suite___expected_rows	
EQUAL	DSLocal_ClearingMember_suite___expected_rows	
EQUAL	DSLocal_ClearingPortfolioReconciliation_suite___expected_rows	
EQUAL	DSLocal_ClearingRoute_suite___expected_rows	
EQUAL	DSLocal_ClientAccessArrangement_suite___expected_rows	
EQUAL	DSLocal_ClientActivity_suite___expected_rows	
EQUAL	DSLocal_ClientBalance_suite___expected_rows	
EQUAL	DSLocal_ClientCoverage_suite___expected_rows	
EQUAL	DSLocal_ClientEntity_suite___expected_rows	
EQUAL	DSLocal_ClientInteraction_suite___expected_rows	
EQUAL	DSLocal_ClientLifecycleStage_suite___expected_rows	
EQUAL	DSLocal_ClientReport_suite___expected_rows	
EQUAL	DSLocal_ClientStatement_suite___expected_rows	
EQUAL	DSLocal_ClientTier_suite___expected_rows	
EQUAL	DSLocal_CollateralAgreement_suite___expected_rows	
EQUAL	DSLocal_CollateralBalance_suite___expected_rows	
EQUAL	DSLocal_CollateralDispute_suite___expected_rows	
EQUAL	DSLocal_CollateralHolding_suite___expected_rows	
EQUAL	DSLocal_CollateralPosting_suite___expected_rows	
EQUAL	DSLocal_CollateralScheduleItem_suite___expected_rows	
EQUAL	DSLocal_CollateralSubstitution_suite___expected_rows	
EQUAL	DSLocal_CollateralTransformation_suite___expected_rows	
EQUAL	DSLocal_CommissionStructure_suite___expected_rows	
EQUAL	DSLocal_CommodityContract_suite___expected_rows	
EQUAL	DSLocal_CommodityFuture_suite___expected_rows	
EQUAL	DSLocal_CompanyProfile_suite___expected_rows	
EQUAL	DSLocal_ComplianceAlert_suite___expected_rows	
EQUAL	DSLocal_ComplianceCheck_suite___expected_rows	
EQUAL	DSLocal_ConcentrationRisk_suite___expected_rows	
EQUAL	DSLocal_ConsensusForecast_suite___expected_rows	
EQUAL	DSLocal_Core_accountAccount_suite___expected_rows	
EQUAL	DSLocal_Core_instrumentBond_suite___expected_rows	
EQUAL	DSLocal_Core_instrumentConvertibleBond_suite___expected_rows	
EQUAL	DSLocal_Core_instrumentCorporateBond_suite___expected_rows	
EQUAL	DSLocal_Core_instrumentCreditDefaultSwap_suite___expected_rows	
EQUAL	DSLocal_Core_instrumentEquity_suite___expected_rows	
EQUAL	DSLocal_Core_instrumentExchangeTradedFund_suite___expected_rows	
EQUAL	DSLocal_Core_instrumentFuture_suite___expected_rows	
EQUAL	DSLocal_Core_instrumentGovernmentBond_suite___expected_rows	
EQUAL	DSLocal_Core_instrumentInstrumentIdentifier_suite___expected_rows	
EQUAL	DSLocal_Core_instrumentInstrument_suite___expected_rows	
EQUAL	DSLocal_Core_instrumentInterestRateSwap_suite___expected_rows	
EQUAL	DSLocal_Core_instrumentOption_suite___expected_rows	
EQUAL	DSLocal_Core_instrumentSwap_suite___expected_rows	
EQUAL	DSLocal_Core_instrumentWarrant_suite___expected_rows	
EQUAL	DSLocal_CorporateActionEvent_suite___expected_rows	
EQUAL	DSLocal_CorporateAction_suite___expected_rows	
EQUAL	DSLocal_CorporateEventType_suite___expected_rows	
EQUAL	DSLocal_CorporateSpread_suite___expected_rows	
EQUAL	DSLocal_CorrespondentRelationship_suite___expected_rows	
EQUAL	DSLocal_CostAllocation_suite___expected_rows	
EQUAL	DSLocal_CostCenter_suite___expected_rows	
EQUAL	DSLocal_CounterpartyAccount_suite___expected_rows	
EQUAL	DSLocal_CounterpartyContact_suite___expected_rows	
EQUAL	DSLocal_CounterpartyCounterparty_suite___expected_rows	
EQUAL	DSLocal_CounterpartyLimit_suite___expected_rows	
EQUAL	DSLocal_Country_suite___expected_rows	
EQUAL	DSLocal_CouponPayment_suite___expected_rows	
EQUAL	DSLocal_CouponPeriod_suite___expected_rows	
EQUAL	DSLocal_CrAgency_suite___expected_rows	
EQUAL	DSLocal_CrRatingAction_suite___expected_rows	
EQUAL	DSLocal_CreditRating_suite___expected_rows	
EQUAL	DSLocal_CreditSpread_suite___expected_rows	
EQUAL	DSLocal_CreditStructure_suite___expected_rows	
EQUAL	DSLocal_CtnDatedItem_suite___expected_rows	
EQUAL	DSLocal_CtnTenorBucket_suite___expected_rows	
EQUAL	DSLocal_CtnTenorLadder_suite___expected_rows	
EQUAL	DSLocal_CuConversion_suite___expected_rows	
EQUAL	DSLocal_CuQuantityKind_suite___expected_rows	
EQUAL	DSLocal_CuUnitPrecision_suite___expected_rows	
EQUAL	DSLocal_CuUnit_suite___expected_rows	
EQUAL	DSLocal_Currency_suite___expected_rows	
EQUAL	DSLocal_CurvePoint_suite___expected_rows	
EQUAL	DSLocal_CurvesYieldCurve_suite___expected_rows	
EQUAL	DSLocal_CustodyInstruction_suite___expected_rows	
EQUAL	DSLocal_DailyPnL_suite___expected_rows	
EQUAL	DSLocal_DataQualityIssue_suite___expected_rows	
EQUAL	DSLocal_DataQualityRule_suite___expected_rows	
EQUAL	DSLocal_DebtSecurity_suite___expected_rows	
EQUAL	DSLocal_DefaultFund_suite___expected_rows	
EQUAL	DSLocal_Department_suite___expected_rows	
EQUAL	DSLocal_DepositaryReceipt_suite___expected_rows	
EQUAL	DSLocal_Desk_suite___expected_rows	
EQUAL	DSLocal_DigitalAssetPosition_suite___expected_rows	
EQUAL	DSLocal_DistributionChannel_suite___expected_rows	
EQUAL	DSLocal_DividendForecast_suite___expected_rows	
EQUAL	DSLocal_ETF_suite___expected_rows	
EQUAL	DSLocal_EarningsEstimate_suite___expected_rows	
EQUAL	DSLocal_EligibilityRule_suite___expected_rows	
EQUAL	DSLocal_EmployeeRole_suite___expected_rows	
EQUAL	DSLocal_EquityExoticPayoff_suite___expected_rows	
EQUAL	DSLocal_EquityIndexFuture_suite___expected_rows	
EQUAL	DSLocal_EsgMetric_suite___expected_rows	
EQUAL	DSLocal_Exchange_suite___expected_rows	
EQUAL	DSLocal_Execution_suite___expected_rows	
EQUAL	DSLocal_ExemptionRule_suite___expected_rows	
VALUES	DSLocal_ExposureLine_suite___expected_rows	engine has ['[["cobDate", "2024-03-28"], ["counterpartyId", "CP-0003"], ["headroomToLimit", -4.799999], ["lineNumber", 2], ["reportId", "LE-2024Q1-01"]]', '[["cobDate", "2024-06-28"], ["counterpartyId", "CP-0001"], ["headroomToLimit", 6.6000004], ["lineNumber", 1], ["reportId", "LE-2024Q2-01"]]']; lite has ['[["cobDate", "2024-03-28"], ["counterpartyId", "CP-0003"], ["headroomToLimit", -4.8], ["lineNumber", 2], ["reportId", "LE-2024Q1-01"]]', '[["cobDate", "2024-06-28"], ["counterpartyId", "CP-0001"], ["headroomToLimit", 6.6], ["lineNumber", 1], ["reportId", "LE-2024Q2-01"]]']
EQUAL	DSLocal_ExposureSnapshot_suite___expected_rows	
EQUAL	DSLocal_FeeChargeType_suite___expected_rows	
EQUAL	DSLocal_FeeCharge_suite___expected_rows	
EQUAL	DSLocal_FeeProduct_suite___expected_rows	
EQUAL	DSLocal_FeeTier_suite___expected_rows	
EQUAL	DSLocal_FeeWaiver_suite___expected_rows	
EQUAL	DSLocal_FillDetail_suite___expected_rows	
EQUAL	DSLocal_FinancingRate_suite___expected_rows	
EQUAL	DSLocal_FrtbDeskItem_suite___expected_rows	
EQUAL	DSLocal_FundVehicle_suite___expected_rows	
EQUAL	DSLocal_FundingCost_suite___expected_rows	
EQUAL	DSLocal_FundingRate_suite___expected_rows	
EQUAL	DSLocal_FundingRequirement_suite___expected_rows	
EQUAL	DSLocal_FundingSecuritiesLoan_suite___expected_rows	
EQUAL	DSLocal_FundingSource_suite___expected_rows	
EQUAL	DSLocal_FxExoticStructure_suite___expected_rows	
EQUAL	DSLocal_FxForward_suite___expected_rows	
EQUAL	DSLocal_FxRate_suite___expected_rows	
EQUAL	DSLocal_GeneralLedgerAccount_suite___expected_rows	
EQUAL	DSLocal_Greeks_suite___expected_rows	
EQUAL	DSLocal_HaircutSchedule_suite___expected_rows	
EQUAL	DSLocal_HedgeRelationship_suite___expected_rows	
EQUAL	DSLocal_HypotheticalPnL_suite___expected_rows	
EQUAL	DSLocal_IdentifiersInstrumentIdentifier_suite___expected_rows	
EQUAL	DSLocal_IdxConstituent_suite___expected_rows	
EQUAL	DSLocal_IdxEligibilityRule_suite___expected_rows	
EQUAL	DSLocal_IdxIndexFamily_suite___expected_rows	
EQUAL	DSLocal_IdxIndex_suite___expected_rows	
EQUAL	DSLocal_IdxProvider_suite___expected_rows	
EQUAL	DSLocal_IdxRebalance_suite___expected_rows	
EQUAL	DSLocal_IdxTrackingFund_suite___expected_rows	
EQUAL	DSLocal_IdxWeightCap_suite___expected_rows	
EQUAL	DSLocal_ImpairmentStage_suite___expected_rows	
EQUAL	DSLocal_ImpliedVolPoint_suite___expected_rows	
EQUAL	DSLocal_InboundMessage_suite___expected_rows	
EQUAL	DSLocal_IncidentsOperationalIncident_suite___expected_rows	
EQUAL	DSLocal_IncomeStatement_suite___expected_rows	
EQUAL	DSLocal_IndexConstituent_suite___expected_rows	
EQUAL	DSLocal_IndexMethodology_suite___expected_rows	
EQUAL	DSLocal_Index_suite___expected_rows	
EQUAL	DSLocal_Industry_suite___expected_rows	
EQUAL	DSLocal_InitialMargin_suite___expected_rows	
EQUAL	DSLocal_Institution_suite___expected_rows	
EQUAL	DSLocal_InsuranceLinkedItem_suite___expected_rows	
EQUAL	DSLocal_IntercompanyLoan_suite___expected_rows	
EQUAL	DSLocal_Inventory_suite___expected_rows	
EQUAL	DSLocal_IssuanceStage_suite___expected_rows	
EQUAL	DSLocal_JournalEntry_suite___expected_rows	
EQUAL	DSLocal_KYCRecord_suite___expected_rows	
EQUAL	DSLocal_LegalAgreement_suite___expected_rows	
EQUAL	DSLocal_LegalDocument_suite___expected_rows	
EQUAL	DSLocal_LegalMatter_suite___expected_rows	
EQUAL	DSLocal_LifecycleEvent_suite___expected_rows	
EQUAL	DSLocal_LimitBreach_suite___expected_rows	
EQUAL	DSLocal_LiquidityCoverage_suite___expected_rows	
EQUAL	DSLocal_LiquidityMetric_suite___expected_rows	
EQUAL	DSLocal_LiquidityPool_suite___expected_rows	
EQUAL	DSLocal_LoanCovenant_suite___expected_rows	
EQUAL	DSLocal_LotPosition_suite___expected_rows	
EQUAL	DSLocal_MTDPnL_suite___expected_rows	
EQUAL	DSLocal_MarginCallRecord_suite___expected_rows	
EQUAL	DSLocal_MarginCall_suite___expected_rows	
EQUAL	DSLocal_MarginRequirement_suite___expected_rows	
EQUAL	DSLocal_MarketDataPoint_suite___expected_rows	
EQUAL	DSLocal_MarketDataSnapshot_suite___expected_rows	
EQUAL	DSLocal_MarketDisruptionEvent_suite___expected_rows	
EQUAL	DSLocal_MarketMakingObligation_suite___expected_rows	
EQUAL	DSLocal_MarketQuote_suite___expected_rows	
EQUAL	DSLocal_MarketRiskFactor_suite___expected_rows	
EQUAL	DSLocal_MarketStressScenario_suite___expected_rows	
EQUAL	DSLocal_MarketdataYieldCurve_suite___expected_rows	
VALUES	DSLocal_MiddleofficeConfirmation_suite___expected_rows	engine has ['[["chaseCount", 5], ["confirmationId", "CNF-00005"], ["hoursToMatch", 164], ["status", "MATCHED"]]']; lite has ['[["chaseCount", 5], ["confirmationId", "CNF-00005"], ["hoursToMatch", 163], ["status", "MATCHED"]]']
EQUAL	DSLocal_ModelInventoryItem_suite___expected_rows	
EQUAL	DSLocal_NettingResult_suite___expected_rows	
EQUAL	DSLocal_NettingSetItem_suite___expected_rows	
EQUAL	DSLocal_NettingSet_suite___expected_rows	
EQUAL	DSLocal_NostroMovement_suite___expected_rows	
EQUAL	DSLocal_NovationRequest_suite___expected_rows	
EQUAL	DSLocal_Observation_suite___expected_rows	
EQUAL	DSLocal_OpsConfirmation_suite___expected_rows	
EQUAL	DSLocal_OpsOperationalIncident_suite___expected_rows	
EQUAL	DSLocal_OptionTerms_suite___expected_rows	
EQUAL	DSLocal_OrderHandlingType_suite___expected_rows	
EQUAL	DSLocal_OrderRoute_suite___expected_rows	
EQUAL	DSLocal_OrderTicket_suite___expected_rows	
EQUAL	DSLocal_Order_suite___expected_rows	
EQUAL	DSLocal_OrgLegalEntity_suite___expected_rows	
EQUAL	DSLocal_OtcTrade_suite___expected_rows	
EQUAL	DSLocal_OutsourcingArrangement_suite___expected_rows	
EQUAL	DSLocal_PaymentInstruction_suite___expected_rows	
EQUAL	DSLocal_Payment_suite___expected_rows	
EQUAL	DSLocal_PeerComparison_suite___expected_rows	
EQUAL	DSLocal_PensionSchemeItem_suite___expected_rows	
EQUAL	DSLocal_PeriodEndTask_suite___expected_rows	
EQUAL	DSLocal_PnLAdjustment_suite___expected_rows	
EQUAL	DSLocal_PnLAttribution_suite___expected_rows	
EQUAL	DSLocal_PnLExplain_suite___expected_rows	
EQUAL	DSLocal_PnlAccrualEntry_suite___expected_rows	
EQUAL	DSLocal_PnlExplainItem_suite___expected_rows	
EQUAL	DSLocal_PnlValuationAdjustment_suite___expected_rows	
EQUAL	DSLocal_PortfolioManager_suite___expected_rows	
EQUAL	DSLocal_PortfolioRecord_suite___expected_rows	
EQUAL	DSLocal_PortfolioSwap_suite___expected_rows	
EQUAL	DSLocal_Portfolio_suite___expected_rows	
EQUAL	DSLocal_PositionBreak_suite___expected_rows	
EQUAL	DSLocal_PositionLimit_suite___expected_rows	
EQUAL	DSLocal_PositionSnapshot_suite___expected_rows	
EQUAL	DSLocal_PositionTransfer_suite___expected_rows	
EQUAL	DSLocal_Position_suite___expected_rows	
EQUAL	DSLocal_PositionsBookTransfer_suite___expected_rows	
EQUAL	DSLocal_PositionsReconciliationItem_suite___expected_rows	
EQUAL	DSLocal_PriceSourceRecord_suite___expected_rows	
EQUAL	DSLocal_PricedTrade_suite___expected_rows	
EQUAL	DSLocal_PrimeBrokerAccount_suite___expected_rows	
EQUAL	DSLocal_ProcessingException_suite___expected_rows	
EQUAL	DSLocal_ProcessingQueue_suite___expected_rows	
EQUAL	DSLocal_ProductsBond_suite___expected_rows	
EQUAL	DSLocal_ProductsCreditDefaultSwap_suite___expected_rows	
EQUAL	DSLocal_ProductsEquity_suite___expected_rows	
EQUAL	DSLocal_ProductsFuture_suite___expected_rows	
EQUAL	DSLocal_ProductsInstrument_suite___expected_rows	
EQUAL	DSLocal_ProductsOption_suite___expected_rows	
EQUAL	DSLocal_ProductsSwap_suite___expected_rows	
EQUAL	DSLocal_ProspectusItem_suite___expected_rows	
EQUAL	DSLocal_ProxyVoteItem_suite___expected_rows	
EQUAL	DSLocal_RatesExoticTrade_suite___expected_rows	
EQUAL	DSLocal_RatingAssignment_suite___expected_rows	
EQUAL	DSLocal_Rating_suite___expected_rows	
EQUAL	DSLocal_RealAssetHolding_suite___expected_rows	
EQUAL	DSLocal_ReconciliationRun_suite___expected_rows	
EQUAL	DSLocal_ReconciliationType_suite___expected_rows	
EQUAL	DSLocal_RefdataIssuer_suite___expected_rows	
EQUAL	DSLocal_Region_suite___expected_rows	
EQUAL	DSLocal_RegulatoryBestExecutionReport_suite___expected_rows	
EQUAL	DSLocal_RegulatoryCapital_suite___expected_rows	
EQUAL	DSLocal_RegulatoryFiling_suite___expected_rows	
EQUAL	DSLocal_RegulatoryRegime_suite___expected_rows	
VALUES	DSLocal_RegulatorySubmission_suite___expected_rows	engine has ['[["ackHours", -3], ["recordCount", 2329], ["status", "ACCEPTED"], ["submissionId", "REG-00017"]]']; lite has ['[["ackHours", -2], ["recordCount", 2329], ["status", "ACCEPTED"], ["submissionId", "REG-00017"]]']
EQUAL	DSLocal_RepoArrangement_suite___expected_rows	
EQUAL	DSLocal_RepoTrade_suite___expected_rows	
EQUAL	DSLocal_ResearchNote_suite___expected_rows	
EQUAL	DSLocal_ResearchReport_suite___expected_rows	
EQUAL	DSLocal_RevenueAllocation_suite___expected_rows	
EQUAL	DSLocal_RevenueBudget_suite___expected_rows	
EQUAL	DSLocal_RiskAppetiteMetric_suite___expected_rows	
EQUAL	DSLocal_RiskFactor_suite___expected_rows	
EQUAL	DSLocal_RiskLimitDefinition_suite___expected_rows	
EQUAL	DSLocal_RiskLimit_suite___expected_rows	
EQUAL	DSLocal_RiskMeasure_suite___expected_rows	
EQUAL	DSLocal_RiskRun_suite___expected_rows	
EQUAL	DSLocal_STPRate_suite___expected_rows	
EQUAL	DSLocal_SalesCredit_suite___expected_rows	
EQUAL	DSLocal_SalesPerson_suite___expected_rows	
EQUAL	DSLocal_SalesPipeline_suite___expected_rows	
EQUAL	DSLocal_SalesTerritory_suite___expected_rows	
EQUAL	DSLocal_SanctionsCheck_suite___expected_rows	
EQUAL	DSLocal_SanctionsScreening_suite___expected_rows	
EQUAL	DSLocal_ScenarioResult_suite___expected_rows	
EQUAL	DSLocal_SecLendingItem_suite___expected_rows	
EQUAL	DSLocal_SectorOutlook_suite___expected_rows	
EQUAL	DSLocal_Sector_suite___expected_rows	
EQUAL	DSLocal_SecuritiesSettlement_suite___expected_rows	
EQUAL	DSLocal_SecuritisationTranche_suite___expected_rows	
EQUAL	DSLocal_SensitivityResult_suite___expected_rows	
EQUAL	DSLocal_Sensitivity_suite___expected_rows	
EQUAL	DSLocal_SettlementCorporateActionElection_suite___expected_rows	
EQUAL	DSLocal_SettlementSettlementFail_suite___expected_rows	
EQUAL	DSLocal_SettlementSettlementInstruction_suite___expected_rows	
EQUAL	DSLocal_Settlement_suite___expected_rows	
EQUAL	DSLocal_SettlementfailsSettlementFail_suite___expected_rows	
EQUAL	DSLocal_ShariahStructure_suite___expected_rows	
EQUAL	DSLocal_ShortLocate_suite___expected_rows	
EQUAL	DSLocal_ShortPositionItem_suite___expected_rows	
EQUAL	DSLocal_StressResult_suite___expected_rows	
EQUAL	DSLocal_StressScenario_suite___expected_rows	
EQUAL	DSLocal_StressTestItem_suite___expected_rows	
EQUAL	DSLocal_StructuredNoteWrapper_suite___expected_rows	
EQUAL	DSLocal_StructuredProduct_suite___expected_rows	
EQUAL	DSLocal_SubledgerEntry_suite___expected_rows	
EQUAL	DSLocal_SurveillanceAlert_suite___expected_rows	
EQUAL	DSLocal_SustainableFinanceItem_suite___expected_rows	
EQUAL	DSLocal_SwapFinancing_suite___expected_rows	
EQUAL	DSLocal_SwapLeg_suite___expected_rows	
EQUAL	DSLocal_SwiftMessage_suite___expected_rows	
EQUAL	DSLocal_SyntheticPosition_suite___expected_rows	
EQUAL	DSLocal_TargetPrice_suite___expected_rows	
EQUAL	DSLocal_TaxLotMethod_suite___expected_rows	
EQUAL	DSLocal_TaxLot_suite___expected_rows	
EQUAL	DSLocal_TaxProvision_suite___expected_rows	
EQUAL	DSLocal_TaxReclaim_suite___expected_rows	
EQUAL	DSLocal_TaxTreaty_suite___expected_rows	
EQUAL	DSLocal_Team_suite___expected_rows	
EQUAL	DSLocal_ThresholdBand_suite___expected_rows	
EQUAL	DSLocal_TotalReturnSwap_suite___expected_rows	
EQUAL	DSLocal_TradeBreak_suite___expected_rows	
EQUAL	DSLocal_TradeCompression_suite___expected_rows	
EQUAL	DSLocal_TradeCorrection_suite___expected_rows	
EQUAL	DSLocal_TradeException_suite___expected_rows	
EQUAL	DSLocal_TradeFinanceItem_suite___expected_rows	
EQUAL	DSLocal_TradeLifecycleEvent_suite___expected_rows	
EQUAL	DSLocal_TradeReportStatus_suite___expected_rows	
EQUAL	DSLocal_TradeReport_suite___expected_rows	
EQUAL	DSLocal_Trade_suite___expected_rows	
EQUAL	DSLocal_Trader_suite___expected_rows	
EQUAL	DSLocal_TransactionCost_suite___expected_rows	
EQUAL	DSLocal_TransactionReportField_suite___expected_rows	
EQUAL	DSLocal_TreasuryTransaction_suite___expected_rows	
EQUAL	DSLocal_TrialBalance_suite___expected_rows	
EQUAL	DSLocal_VaRResult_suite___expected_rows	
EQUAL	DSLocal_ValuationadjValuationAdjustment_suite___expected_rows	
EQUAL	DSLocal_VariationMargin_suite___expected_rows	
EQUAL	DSLocal_VolatilitySurface_suite___expected_rows	
EQUAL	DSLocal_WHTRate_suite___expected_rows	
EQUAL	DSLocal_WealthProduct_suite___expected_rows	
EQUAL	DSLocal_YTDPnL_suite___expected_rows	
EQUAL	DSPost_AccountOpeningStage_suite___expected_rows	
EQUAL	DSPost_AdditionalTier1Perpetual_suite___expected_rows	
EQUAL	DSPost_AdviserPortalChannel_suite___expected_rows	
EQUAL	DSPost_AgencyMortgageBackedEligible_suite___expected_rows	
EQUAL	DSPost_AggregatorFeedChannel_suite___expected_rows	
EQUAL	DSPost_AgriculturalFuture_suite___expected_rows	
EQUAL	DSPost_AlgorithmicAccessArrangement_suite___expected_rows	
EQUAL	DSPost_AlgorithmicStablecoin_suite___expected_rows	
EQUAL	DSPost_AllocatedGold_suite___expected_rows	
EQUAL	DSPost_Allocation_suite___expected_rows	
EQUAL	DSPost_AmendedTradePnl_suite___expected_rows	
EQUAL	DSPost_AnnualSuitabilityReport_suite___expected_rows	
EQUAL	DSPost_AppetiteBreachEscalation_suite___expected_rows	
EQUAL	DSPost_AssessmentCall_suite___expected_rows	
EQUAL	DSPost_AssetClassCap_suite___expected_rows	
EQUAL	DSPost_AssetFinanceAgreement_suite___expected_rows	
EQUAL	DSPost_AttributionReport_suite___expected_rows	
EQUAL	DSPost_AuctionSettlementItem_suite___expected_rows	
EQUAL	DSPost_AuditFinding_suite___expected_rows	
EQUAL	DSPost_BackToBackBooking_suite___expected_rows	
EQUAL	DSPost_BalanceSheetItem_suite___expected_rows	
EQUAL	DSPost_BankingProduct_suite___expected_rows	
EQUAL	DSPost_BaseloadPowerContract_suite___expected_rows	
EQUAL	DSPost_BenchmarkTransitionItem_suite___expected_rows	
EQUAL	DSPost_BenchmarkreformConsentSolicitation_suite___expected_rows	
EQUAL	DSPost_BeneficialOwnershipStage_suite___expected_rows	
EQUAL	DSPost_BespokeTranche_suite___expected_rows	
EQUAL	DSPost_BinaryProtocolChannel_suite___expected_rows	
EQUAL	DSPost_Book_suite___expected_rows	
EQUAL	DSPost_BookingLocation_suite___expected_rows	
EQUAL	DSPost_BreakResolution_suite___expected_rows	
EQUAL	DSPost_BrentCrudeFuture_suite___expected_rows	
EQUAL	DSPost_BuyToLetMortgage_suite___expected_rows	
EQUAL	DSPost_CallRedemption_suite___expected_rows	
EQUAL	DSPost_CapitalBufferRequirement_suite___expected_rows	
EQUAL	DSPost_CapitalGain_suite___expected_rows	
EQUAL	DSPost_CapitalInstrument_suite___expected_rows	
EQUAL	DSPost_CapitalisedSoftware_suite___expected_rows	
EQUAL	DSPost_CareOrderArrangement_suite___expected_rows	
EQUAL	DSPost_CarryPnl_suite___expected_rows	
EQUAL	DSPost_CashEligible_suite___expected_rows	
EQUAL	DSPost_CashManagementItem_suite___expected_rows	
EQUAL	DSPost_CashMerger_suite___expected_rows	
EQUAL	DSPost_CashSettlement_suite___expected_rows	
EQUAL	DSPost_CaymanSpecialPurposeVehicle_suite___expected_rows	
EQUAL	DSPost_CcpEligibleCollateral_suite___expected_rows	
EQUAL	DSPost_CcpLiquidityAddOn_suite___expected_rows	
EQUAL	DSPost_CcpRecoveryTool_suite___expected_rows	
EQUAL	DSPost_CcpSkinInTheGame_suite___expected_rows	
EQUAL	DSPost_CdsIndexTrade_suite___expected_rows	
EQUAL	DSPost_CgBlocMembership_suite___expected_rows	
EQUAL	DSPost_CgCity_suite___expected_rows	
EQUAL	DSPost_CgCountry_suite___expected_rows	
EQUAL	DSPost_ChatNegotiationChannel_suite___expected_rows	
EQUAL	DSPost_ClearedTrade_suite___expected_rows	
EQUAL	DSPost_ClearingArrangement_suite___expected_rows	
EQUAL	DSPost_ClearingmembersDefaultFundContribution_suite___expected_rows	
EQUAL	DSPost_ClientAccessArrangement_suite___expected_rows	
EQUAL	DSPost_ClientAccount_suite___expected_rows	
EQUAL	DSPost_ClientCorporateActionNotice_suite___expected_rows	
EQUAL	DSPost_ClientLifecycleStage_suite___expected_rows	
EQUAL	DSPost_ClientReport_suite___expected_rows	
EQUAL	DSPost_ClientRiskRatingStage_suite___expected_rows	
EQUAL	DSPost_ClientRiskReport_suite___expected_rows	
EQUAL	DSPost_ClientreportingBestExecutionReport_suite___expected_rows	
EQUAL	DSPost_ClosedUnverifiedFinding_suite___expected_rows	
EQUAL	DSPost_ClosedVerifiedFinding_suite___expected_rows	
EQUAL	DSPost_CollateralScheduleItem_suite___expected_rows	
EQUAL	DSPost_CollateralTransformation_suite___expected_rows	
EQUAL	DSPost_CollateraltransformCollateralDowngradeTrade_suite___expected_rows	
EQUAL	DSPost_CollateraltransformCollateralUpgradeTrade_suite___expected_rows	
EQUAL	DSPost_CollectionsOnBehalfOf_suite___expected_rows	
EQUAL	DSPost_CommercialMortgage_suite___expected_rows	
EQUAL	DSPost_CommoditiesFreightForwardAgreement_suite___expected_rows	
EQUAL	DSPost_CommoditiesWeatherDerivative_suite___expected_rows	
EQUAL	DSPost_CommodityContract_suite___expected_rows	
EQUAL	DSPost_CommonEquityRatioTarget_suite___expected_rows	
EQUAL	DSPost_CompletenessRule_suite___expected_rows	
EQUAL	DSPost_CompoundedInArrears_suite___expected_rows	
EQUAL	DSPost_ConcentrationAddOn_suite___expected_rows	
EQUAL	DSPost_ConductRiskTolerance_suite___expected_rows	
EQUAL	DSPost_ContingentConvertible_suite___expected_rows	
EQUAL	DSPost_ContractNote_suite___expected_rows	
EQUAL	DSPost_ControlDesignDeficiency_suite___expected_rows	
EQUAL	DSPost_ControlOperatingDeficiency_suite___expected_rows	
EQUAL	DSPost_CorpactionsxBonusIssue_suite___expected_rows	
EQUAL	DSPost_CorpactionsxCashDividend_suite___expected_rows	
EQUAL	DSPost_CorpactionsxDelisting_suite___expected_rows	
EQUAL	DSPost_CorpactionsxNameChange_suite___expected_rows	
EQUAL	DSPost_CorpactionsxRightsIssue_suite___expected_rows	
EQUAL	DSPost_CorpactionsxSchemeOfArrangement_suite___expected_rows	
EQUAL	DSPost_CorpactionsxSpecialDividend_suite___expected_rows	
EQUAL	DSPost_CorpactionsxStockDividend_suite___expected_rows	
EQUAL	DSPost_CorpactionsxStockSplit_suite___expected_rows	
EQUAL	DSPost_CorpactionsxTenderOffer_suite___expected_rows	
EQUAL	DSPost_CorporateEventType_suite___expected_rows	
EQUAL	DSPost_CorporateHighYieldEligible_suite___expected_rows	
EQUAL	DSPost_CorporateInvestmentGradeEligible_suite___expected_rows	
EQUAL	DSPost_CorrespondentRelationship_suite___expected_rows	
EQUAL	DSPost_CorrespondentTransactionMonitoring_suite___expected_rows	
EQUAL	DSPost_CostsAndChargesDisclosure_suite___expected_rows	
EQUAL	DSPost_CountryRiskLimit_suite___expected_rows	
EQUAL	DSPost_CreditAdjustmentSpread_suite___expected_rows	
EQUAL	DSPost_CreditApprovalStage_suite___expected_rows	
EQUAL	DSPost_CreditCardFacility_suite___expected_rows	
EQUAL	DSPost_CreditDefaultSwaption_suite___expected_rows	
EQUAL	DSPost_CreditStructure_suite___expected_rows	
EQUAL	DSPost_CreditTotalReturnSwap_suite___expected_rows	
EQUAL	DSPost_CreditstructuresConstantMaturityCds_suite___expected_rows	
EQUAL	DSPost_CreditstructuresCreditLinkedNote_suite___expected_rows	
EQUAL	DSPost_CreditstructuresFirstToDefaultBasket_suite___expected_rows	
EQUAL	DSPost_CreditstructuresLoanCds_suite___expected_rows	
EQUAL	DSPost_CreditstructuresNthToDefaultBasket_suite___expected_rows	
EQUAL	DSPost_CreditstructuresRecoverySwap_suite___expected_rows	
EQUAL	DSPost_CreditstructuresSovereignCds_suite___expected_rows	
EQUAL	DSPost_CriticalDataElementRule_suite___expected_rows	
EQUAL	DSPost_CriticalFinding_suite___expected_rows	
EQUAL	DSPost_CrossBorderAccessArrangement_suite___expected_rows	
EQUAL	DSPost_CrossBorderSweep_suite___expected_rows	
EQUAL	DSPost_CrossFieldConsistencyRule_suite___expected_rows	
EQUAL	DSPost_CrossGammaPnl_suite___expected_rows	
EQUAL	DSPost_CrossMarginBenefit_suite___expected_rows	
EQUAL	DSPost_CrossSystemConsistencyRule_suite___expected_rows	
EQUAL	DSPost_CurrencyMismatchHaircut_suite___expected_rows	
EQUAL	DSPost_CurrentAccount_suite___expected_rows	
EQUAL	DSPost_CustodiedCryptoHolding_suite___expected_rows	
EQUAL	DSPost_CustomerDepositLiability_suite___expected_rows	
EQUAL	DSPost_DailyPnL_suite___expected_rows	
EQUAL	DSPost_DataQualityFinding_suite___expected_rows	
EQUAL	DSPost_DataQualityRule_suite___expected_rows	
EQUAL	DSPost_DatedTier2_suite___expected_rows	
EQUAL	DSPost_DeRiskingExit_suite___expected_rows	
EQUAL	DSPost_DefaultAuctionParticipation_suite___expected_rows	
EQUAL	DSPost_DeferredTaxAsset_suite___expected_rows	
EQUAL	DSPost_DeferredTaxDeduction_suite___expected_rows	
EQUAL	DSPost_DeltaPnl_suite___expected_rows	
EQUAL	DSPost_DeprecatedChannel_suite___expected_rows	
EQUAL	DSPost_DerivativeAsset_suite___expected_rows	
EQUAL	DSPost_DerivativeLiability_suite___expected_rows	
EQUAL	DSPost_DirectExchangeMembership_suite___expected_rows	
EQUAL	DSPost_DirectMarketAccess_suite___expected_rows	
EQUAL	DSPost_DistributionChannel_suite___expected_rows	
EQUAL	DSPost_DocumentationNegotiationStage_suite___expected_rows	
EQUAL	DSPost_DomainValidityRule_suite___expected_rows	
EQUAL	DSPost_DormantClientStage_suite___expected_rows	
EQUAL	DSPost_DownstreamClearing_suite___expected_rows	
EQUAL	DSPost_EarlyWarningIndicator_suite___expected_rows	
EQUAL	DSPost_EarningsVolatilityTolerance_suite___expected_rows	
EQUAL	DSPost_EmailIndicationChannel_suite___expected_rows	
EQUAL	DSPost_EmissionsAllowance_suite___expected_rows	
EQUAL	DSPost_EnhancedDueDiligenceItem_suite___expected_rows	
EQUAL	DSPost_EstrAdoption_suite___expected_rows	
EQUAL	DSPost_EtfEligible_suite___expected_rows	
EQUAL	DSPost_EuSubsidiary_suite___expected_rows	
EQUAL	DSPost_EvergreenCollateralUpgrade_suite___expected_rows	
EQUAL	DSPost_ExcessCollateral_suite___expected_rows	
EQUAL	DSPost_ExtendedRemediationAction_suite___expected_rows	
EQUAL	DSPost_FallbackTriggerEvent_suite___expected_rows	
EQUAL	DSPost_FileTransferChannel_suite___expected_rows	
EQUAL	DSPost_FirstTradeStage_suite___expected_rows	
EQUAL	DSPost_FixSessionChannel_suite___expected_rows	
EQUAL	DSPost_FixedRateMortgage_suite___expected_rows	
EQUAL	DSPost_FixedTermDeposit_suite___expected_rows	
EQUAL	DSPost_FormatValidityRule_suite___expected_rows	
EQUAL	DSPost_FundingPnl_suite___expected_rows	
EQUAL	DSPost_FxTranslationPnl_suite___expected_rows	
EQUAL	DSPost_GammaPnl_suite___expected_rows	
EQUAL	DSPost_GeneralClearingMemberService_suite___expected_rows	
EQUAL	DSPost_GiveUpArrangement_suite___expected_rows	
EQUAL	DSPost_GoldEligible_suite___expected_rows	
EQUAL	DSPost_GoldLocoLondon_suite___expected_rows	
EQUAL	DSPost_GoodwillAsset_suite___expected_rows	
EQUAL	DSPost_GoodwillDeduction_suite___expected_rows	
EQUAL	DSPost_GrandfatheredInstrument_suite___expected_rows	
EQUAL	DSPost_Greeks_suite___expected_rows	
EQUAL	DSPost_HaircutDifferential_suite___expected_rows	
EQUAL	DSPost_HighQualityLiquidAssetLevel1_suite___expected_rows	
EQUAL	DSPost_HighQualityLiquidAssetLevel2a_suite___expected_rows	
EQUAL	DSPost_HighRiskFinding_suite___expected_rows	
EQUAL	DSPost_HoldcoSenior_suite___expected_rows	
EQUAL	DSPost_HongKongBranch_suite___expected_rows	
EQUAL	DSPost_HouseAccount_suite___expected_rows	
LITE-ONLY	DSPost_HypotheticalPnL_suite___expected_rows	
ENGINE-ONLY	DSPost_HypotheticalPnl_suite___expected_rows	
EQUAL	DSPost_IdxConstituent_suite___expected_rows	
EQUAL	DSPost_IdxCountryWeight_suite___expected_rows	
EQUAL	DSPost_ImpactToleranceThreshold_suite___expected_rows	
EQUAL	DSPost_InHouseBankAccount_suite___expected_rows	
EQUAL	DSPost_IndexTranche_suite___expected_rows	
EQUAL	DSPost_IndirectClearingArrangement_suite___expected_rows	
EQUAL	DSPost_IndividuallySegregatedAccount_suite___expected_rows	
EQUAL	DSPost_InitialMarginPosting_suite___expected_rows	
EQUAL	DSPost_InitialScreeningStage_suite___expected_rows	
EQUAL	DSPost_InstantAccessSavings_suite___expected_rows	
EQUAL	DSPost_IntercompanyLoanItem_suite___expected_rows	
EQUAL	DSPost_InterestOptimisationItem_suite___expected_rows	
EQUAL	DSPost_IntradayCreditLine_suite___expected_rows	
EQUAL	DSPost_InvoiceFinanceFacility_suite___expected_rows	
EQUAL	DSPost_IrelandEntity_suite___expected_rows	
EQUAL	DSPost_IsdaFallbackProtocol_suite___expected_rows	
EQUAL	DSPost_IssuerConcentrationCap_suite___expected_rows	
EQUAL	DSPost_JapanBranch_suite___expected_rows	
EQUAL	DSPost_JuniorisedContribution_suite___expected_rows	
EQUAL	DSPost_KycCollectionStage_suite___expected_rows	
EQUAL	DSPost_LeverageRatioTarget_suite___expected_rows	
EQUAL	DSPost_LiborCessationEvent_suite___expected_rows	
EQUAL	DSPost_LineageGapRule_suite___expected_rows	
EQUAL	DSPost_LiquidityCoverageImpact_suite___expected_rows	
EQUAL	DSPost_LiquidityCoverageTarget_suite___expected_rows	
EQUAL	DSPost_LiquidityForecastItem_suite___expected_rows	
EQUAL	DSPost_LitigationProvision_suite___expected_rows	
EQUAL	DSPost_LoansAtAmortisedCost_suite___expected_rows	
EQUAL	DSPost_LoansAtFvoci_suite___expected_rows	
EQUAL	DSPost_LockboxService_suite___expected_rows	
EQUAL	DSPost_LookbackConvention_suite___expected_rows	
EQUAL	DSPost_LoroRelationship_suite___expected_rows	
EQUAL	DSPost_LotPosition_suite___expected_rows	
EQUAL	DSPost_LowRiskFinding_suite___expected_rows	
EQUAL	DSPost_LuxembourgEntity_suite___expected_rows	
EQUAL	DSPost_MainIndexEquityEligible_suite___expected_rows	
EQUAL	DSPost_MarginStatement_suite___expected_rows	
EQUAL	DSPost_MatterRequiringAttention_suite___expected_rows	
EQUAL	DSPost_MaturityMismatchItem_suite___expected_rows	
EQUAL	DSPost_MediumRiskFinding_suite___expected_rows	
EQUAL	DSPost_MetalWarrant_suite___expected_rows	
EQUAL	DSPost_MinorityInterestItem_suite___expected_rows	
EQUAL	DSPost_MirrorBooking_suite___expected_rows	
EQUAL	DSPost_MobileAppChannel_suite___expected_rows	
EQUAL	DSPost_ModelChangePnl_suite___expected_rows	
EQUAL	DSPost_MoneyMarketFundEligible_suite___expected_rows	
EQUAL	DSPost_MultiCurrencyPool_suite___expected_rows	
EQUAL	DSPost_MultiDealerPlatform_suite___expected_rows	
EQUAL	DSPost_NaturalGasFuture_suite___expected_rows	
EQUAL	DSPost_NestedCorrespondent_suite___expected_rows	
EQUAL	DSPost_NetOmnibusAccount_suite___expected_rows	
EQUAL	DSPost_NewTradePnl_suite___expected_rows	
EQUAL	DSPost_NonControllingInterest_suite___expected_rows	
EQUAL	DSPost_NostroRelationship_suite___expected_rows	
EQUAL	DSPost_NoticeSavingsAccount_suite___expected_rows	
EQUAL	DSPost_NotionalCashPool_suite___expected_rows	
EQUAL	DSPost_NovationRequest_suite___expected_rows	
EQUAL	DSPost_ObservationShiftConvention_suite___expected_rows	
EQUAL	DSPost_OffboardingNoticeStage_suite___expected_rows	
EQUAL	DSPost_OffsetMortgage_suite___expected_rows	
EQUAL	DSPost_OmnibusSegregatedAccount_suite___expected_rows	
EQUAL	DSPost_OperationalLossTolerance_suite___expected_rows	
EQUAL	DSPost_OpsConfirmation_suite___expected_rows	
EQUAL	DSPost_OrdinaryShareCapital_suite___expected_rows	
EQUAL	DSPost_OverdraftFacility_suite___expected_rows	
EQUAL	DSPost_OverdueRemediationAction_suite___expected_rows	
EQUAL	DSPost_OverlayPoolStructure_suite___expected_rows	
EQUAL	DSPost_PartialCall_suite___expected_rows	
EQUAL	DSPost_PayableThroughAccount_suite___expected_rows	
EQUAL	DSPost_PaymentFactory_suite___expected_rows	
EQUAL	DSPost_PeakPowerContract_suite___expected_rows	
EQUAL	DSPost_PensionSchemeSurplus_suite___expected_rows	
EQUAL	DSPost_PerformanceReport_suite___expected_rows	
EQUAL	DSPost_PeriodicRelationshipReview_suite___expected_rows	
EQUAL	DSPost_PeriodicReviewStage_suite___expected_rows	
EQUAL	DSPost_PerpetualTier2_suite___expected_rows	
EQUAL	DSPost_PersonalLoan_suite___expected_rows	
EQUAL	DSPost_PhysicalCashPool_suite___expected_rows	
EQUAL	DSPost_PhysicalDeliveryObligation_suite___expected_rows	
EQUAL	DSPost_PlausibilityRule_suite___expected_rows	
EQUAL	DSPost_PledgeTransformation_suite___expected_rows	
EQUAL	DSPost_PnLAdjustment_suite___expected_rows	
EQUAL	DSPost_PnLAttribution_suite___expected_rows	
EQUAL	DSPost_PnLExplain_suite___expected_rows	
EQUAL	DSPost_PnlAccrualEntry_suite___expected_rows	
EQUAL	DSPost_PnlExplainItem_suite___expected_rows	
EQUAL	DSPost_PnlValuationAdjustment_suite___expected_rows	
EQUAL	DSPost_PortedClientPosition_suite___expected_rows	
EQUAL	DSPost_PortingArrangement_suite___expected_rows	
EQUAL	DSPost_PositionBreak_suite___expected_rows	
EQUAL	DSPost_PositionSnapshot_suite___expected_rows	
EQUAL	DSPost_PositionUnwindStage_suite___expected_rows	
EQUAL	DSPost_Position_suite___expected_rows	
EQUAL	DSPost_PositionsReconciliationItem_suite___expected_rows	
EQUAL	DSPost_PrincipalFillArrangement_suite___expected_rows	
EQUAL	DSPost_ProspectStage_suite___expected_rows	
EQUAL	DSPost_ProxyVotingRecord_suite___expected_rows	
EQUAL	DSPost_PrudentialFilterItem_suite___expected_rows	
EQUAL	DSPost_QualityAdjustmentItem_suite___expected_rows	
EQUAL	DSPost_QuantoCds_suite___expected_rows	
EQUAL	DSPost_ReactivationStage_suite___expected_rows	
EQUAL	DSPost_ReconciliationRule_suite___expected_rows	
EQUAL	DSPost_RecordRetentionStage_suite___expected_rows	
EQUAL	DSPost_RecoveryLock_suite___expected_rows	
EQUAL	DSPost_ReferentialIntegrityRule_suite___expected_rows	
EQUAL	DSPost_RegulatoryClientNotice_suite___expected_rows	
EQUAL	DSPost_RehypothecationRight_suite___expected_rows	
EQUAL	DSPost_RelationshipSanctionsScreening_suite___expected_rows	
EQUAL	DSPost_RemoteBookingArrangement_suite___expected_rows	
EQUAL	DSPost_RepeatFinding_suite___expected_rows	
EQUAL	DSPost_RequestForInformation_suite___expected_rows	
EQUAL	DSPost_ReserveMovementPnl_suite___expected_rows	
EQUAL	DSPost_RestApiChannel_suite___expected_rows	
EQUAL	DSPost_RetainedEarningsItem_suite___expected_rows	
EQUAL	DSPost_RevenueAllocation_suite___expected_rows	
EQUAL	DSPost_ReverseRepoAsset_suite___expected_rows	
EQUAL	DSPost_ReverseSplit_suite___expected_rows	
EQUAL	DSPost_RevolvingCreditFacility_suite___expected_rows	
EQUAL	DSPost_RhoPnl_suite___expected_rows	
EQUAL	DSPost_RightOfUseAsset_suite___expected_rows	
EQUAL	DSPost_RiskAcceptedFinding_suite___expected_rows	
EQUAL	DSPost_RiskAppetiteMetric_suite___expected_rows	
EQUAL	DSPost_RiskFreePrincipalCross_suite___expected_rows	
EQUAL	DSPost_RiskTheoreticalPnl_suite___expected_rows	
EQUAL	DSPost_RunOffEntity_suite___expected_rows	
EQUAL	DSPost_SalesCredit_suite___expected_rows	
EQUAL	DSPost_SandboxChannel_suite___expected_rows	
EQUAL	DSPost_ScheduleAmendment_suite___expected_rows	
EQUAL	DSPost_SectorConcentrationLimit_suite___expected_rows	
EQUAL	DSPost_SecuritiesSettlement_suite___expected_rows	
EQUAL	DSPost_SegregatedTransformationOutput_suite___expected_rows	
EQUAL	DSPost_SelfIdentifiedIssue_suite___expected_rows	
EQUAL	DSPost_SeniorNonPreferred_suite___expected_rows	
EQUAL	DSPost_SettlementBankLine_suite___expected_rows	
EQUAL	DSPost_SettlementLimitItem_suite___expected_rows	
EQUAL	DSPost_SettlementSettlementFail_suite___expected_rows	
EQUAL	DSPost_SettlementSettlementInstruction_suite___expected_rows	
EQUAL	DSPost_Settlement_suite___expected_rows	
EQUAL	DSPost_ShellBankProhibition_suite___expected_rows	
EQUAL	DSPost_SingaporeBranch_suite___expected_rows	
EQUAL	DSPost_SingleDealerPlatform_suite___expected_rows	
EQUAL	DSPost_SingleNameConcentrationLimit_suite___expected_rows	
EQUAL	DSPost_SmeTermLoan_suite___expected_rows	
EQUAL	DSPost_SofrAdoption_suite___expected_rows	
EQUAL	DSPost_SoniaAdoption_suite___expected_rows	
EQUAL	DSPost_SovereignAaaEligible_suite___expected_rows	
EQUAL	DSPost_SovereignSubInvestmentGrade_suite___expected_rows	
EQUAL	DSPost_SpinOff_suite___expected_rows	
EQUAL	DSPost_SponsoredAccess_suite___expected_rows	
EQUAL	DSPost_StableFundingTarget_suite___expected_rows	
EQUAL	DSPost_StalenessRule_suite___expected_rows	
EQUAL	DSPost_StatisticalOutlierRule_suite___expected_rows	
EQUAL	DSPost_StockMerger_suite___expected_rows	
EQUAL	DSPost_StorageContract_suite___expected_rows	
EQUAL	DSPost_StreamingChannel_suite___expected_rows	
EQUAL	DSPost_StressLossLimit_suite___expected_rows	
EQUAL	DSPost_SubstitutionRight_suite___expected_rows	
EQUAL	DSPost_SuccessionEventItem_suite___expected_rows	
EQUAL	DSPost_SuppressedRule_suite___expected_rows	
EQUAL	DSPost_SupranationalEligible_suite___expected_rows	
EQUAL	DSPost_SuspendedAccessArrangement_suite___expected_rows	
EQUAL	DSPost_SustainabilityDisclosure_suite___expected_rows	
EQUAL	DSPost_SwapFinancing_suite___expected_rows	
EQUAL	DSPost_SwissEntity_suite___expected_rows	
EQUAL	DSPost_SyntheticLiborSetting_suite___expected_rows	
EQUAL	DSPost_TargetBalanceAccount_suite___expected_rows	
EQUAL	DSPost_TargetCreditRating_suite___expected_rows	
EQUAL	DSPost_TaxLot_suite___expected_rows	
EQUAL	DSPost_TaxReportingPack_suite___expected_rows	
EQUAL	DSPost_TemporaryWriteDownAt1_suite___expected_rows	
EQUAL	DSPost_TenPercentDepreciationNotice_suite___expected_rows	
EQUAL	DSPost_TermCollateralUpgrade_suite___expected_rows	
EQUAL	DSPost_TermRiskFreeRate_suite___expected_rows	
EQUAL	DSPost_ThematicReviewFinding_suite___expected_rows	
EQUAL	DSPost_ThetaPnl_suite___expected_rows	
EQUAL	DSPost_TimelinessRule_suite___expected_rows	
EQUAL	DSPost_TlacEligibleInstrument_suite___expected_rows	
EQUAL	DSPost_ToleranceBreachRule_suite___expected_rows	
EQUAL	DSPost_TonaAdoption_suite___expected_rows	
EQUAL	DSPost_ToughLegacyContract_suite___expected_rows	
EQUAL	DSPost_TrackerMortgage_suite___expected_rows	
EQUAL	DSPost_TradeCorrection_suite___expected_rows	
EQUAL	DSPost_TradeException_suite___expected_rows	
EQUAL	DSPost_TradeLifecycleEvent_suite___expected_rows	
EQUAL	DSPost_TradeReportStatus_suite___expected_rows	
EQUAL	DSPost_TradeReport_suite___expected_rows	
EQUAL	DSPost_Trade_suite___expected_rows	
EQUAL	DSPost_Trader_suite___expected_rows	
EQUAL	DSPost_TradingAssets_suite___expected_rows	
EQUAL	DSPost_TransactionStatement_suite___expected_rows	
EQUAL	DSPost_TransformationCliffRisk_suite___expected_rows	
EQUAL	DSPost_TransformationConcentrationLimit_suite___expected_rows	
EQUAL	DSPost_TransformationFeeAccrual_suite___expected_rows	
EQUAL	DSPost_TransformationRecall_suite___expected_rows	
EQUAL	DSPost_TransitionBasisSwap_suite___expected_rows	
EQUAL	DSPost_TransportCapacityContract_suite___expected_rows	
EQUAL	DSPost_TriggerEventReviewStage_suite___expected_rows	
EQUAL	DSPost_UkBranch_suite___expected_rows	
EQUAL	DSPost_UkSubsidiary_suite___expected_rows	
EQUAL	DSPost_UnexplainedPnl_suite___expected_rows	
EQUAL	DSPost_UniquenessRule_suite___expected_rows	
EQUAL	DSPost_UsBranch_suite___expected_rows	
EQUAL	DSPost_UsIntermediateHoldingCompany_suite___expected_rows	
EQUAL	DSPost_ValuationStatement_suite___expected_rows	
EQUAL	DSPost_ValueAtRiskLimit_suite___expected_rows	
EQUAL	DSPost_VariationMarginPosting_suite___expected_rows	
EQUAL	DSPost_VegaPnl_suite___expected_rows	
EQUAL	DSPost_VirtualAccount_suite___expected_rows	
EQUAL	DSPost_VoiceTradeChannel_suite___expected_rows	
EQUAL	DSPost_VostroRelationship_suite___expected_rows	
EQUAL	DSPost_WhiteLabelChannel_suite___expected_rows	
EQUAL	DSPost_WithholdingOnPoolInterest_suite___expected_rows	
EQUAL	DSPost_WolfsbergQuestionnaire_suite___expected_rows	
EQUAL	DSPost_WrongWayCollateralExclusion_suite___expected_rows	
EQUAL	DSPost_WtiCrudeFuture_suite___expected_rows	
EQUAL	DSPost_ZeroBalanceAccount_suite___expected_rows	
EQUAL	DSQual_AuditFinding_suite___expected_rows	
EQUAL	DSQual_BalanceSheetItem_suite___expected_rows	
EQUAL	DSQual_BankingProduct_suite___expected_rows	
EQUAL	DSQual_BenchmarkTransitionItem_suite___expected_rows	
EQUAL	DSQual_BookingLocation_suite___expected_rows	
EQUAL	DSQual_CapitalInstrument_suite___expected_rows	
EQUAL	DSQual_CashManagementItem_suite___expected_rows	
EQUAL	DSQual_ClearingArrangement_suite___expected_rows	
EQUAL	DSQual_ClientAccessArrangement_suite___expected_rows	
EQUAL	DSQual_ClientLifecycleStage_suite___expected_rows	
EQUAL	DSQual_ClientReport_suite___expected_rows	
EQUAL	DSQual_CollateralScheduleItem_suite___expected_rows	
EQUAL	DSQual_CollateralTransformation_suite___expected_rows	
EQUAL	DSQual_CommodityContract_suite___expected_rows	
EQUAL	DSQual_CorporateEventType_suite___expected_rows	
EQUAL	DSQual_CorrespondentRelationship_suite___expected_rows	
EQUAL	DSQual_CreditStructure_suite___expected_rows	
EQUAL	DSQual_DailyPnL_suite___expected_rows	
EQUAL	DSQual_DataQualityRule_suite___expected_rows	
EQUAL	DSQual_DistributionChannel_suite___expected_rows	
EQUAL	DSQual_IdxConstituent_suite___expected_rows	
EQUAL	DSQual_PnlExplainItem_suite___expected_rows	
EQUAL	DSQual_Position_suite___expected_rows	
EQUAL	DSQual_RiskAppetiteMetric_suite___expected_rows	
EQUAL	DSQual_Trade_suite___expected_rows	
EQUAL	DSSub_AccountOpeningStage_suite___expected_rows	
EQUAL	DSSub_AdditionalTier1Perpetual_suite___expected_rows	
EQUAL	DSSub_AdviserPortalChannel_suite___expected_rows	
EQUAL	DSSub_AgencyMortgageBackedEligible_suite___expected_rows	
EQUAL	DSSub_AggregatorFeedChannel_suite___expected_rows	
EQUAL	DSSub_AgriculturalFuture_suite___expected_rows	
EQUAL	DSSub_AlgorithmicAccessArrangement_suite___expected_rows	
EQUAL	DSSub_AlgorithmicStablecoin_suite___expected_rows	
EQUAL	DSSub_AllocatedGold_suite___expected_rows	
EQUAL	DSSub_AmendedTradePnl_suite___expected_rows	
EQUAL	DSSub_AnnualSuitabilityReport_suite___expected_rows	
EQUAL	DSSub_AppetiteBreachEscalation_suite___expected_rows	
EQUAL	DSSub_AssessmentCall_suite___expected_rows	
EQUAL	DSSub_AssetClassCap_suite___expected_rows	
EQUAL	DSSub_AssetFinanceAgreement_suite___expected_rows	
EQUAL	DSSub_AttributionReport_suite___expected_rows	
EQUAL	DSSub_AuctionSettlementItem_suite___expected_rows	
EQUAL	DSSub_BackToBackBooking_suite___expected_rows	
EQUAL	DSSub_BaseloadPowerContract_suite___expected_rows	
EQUAL	DSSub_BenchmarkreformConsentSolicitation_suite___expected_rows	
EQUAL	DSSub_BeneficialOwnershipStage_suite___expected_rows	
EQUAL	DSSub_BespokeTranche_suite___expected_rows	
EQUAL	DSSub_BinaryProtocolChannel_suite___expected_rows	
EQUAL	DSSub_BrentCrudeFuture_suite___expected_rows	
EQUAL	DSSub_BuyToLetMortgage_suite___expected_rows	
EQUAL	DSSub_CallRedemption_suite___expected_rows	
EQUAL	DSSub_CapitalBufferRequirement_suite___expected_rows	
EQUAL	DSSub_CapitalisedSoftware_suite___expected_rows	
EQUAL	DSSub_CareOrderArrangement_suite___expected_rows	
EQUAL	DSSub_CarryPnl_suite___expected_rows	
EQUAL	DSSub_CashEligible_suite___expected_rows	
EQUAL	DSSub_CashMerger_suite___expected_rows	
EQUAL	DSSub_CaymanSpecialPurposeVehicle_suite___expected_rows	
EQUAL	DSSub_CcpEligibleCollateral_suite___expected_rows	
EQUAL	DSSub_CcpLiquidityAddOn_suite___expected_rows	
EQUAL	DSSub_CcpRecoveryTool_suite___expected_rows	
EQUAL	DSSub_CcpSkinInTheGame_suite___expected_rows	
EQUAL	DSSub_CdsIndexTrade_suite___expected_rows	
EQUAL	DSSub_ChatNegotiationChannel_suite___expected_rows	
EQUAL	DSSub_ClearingmembersDefaultFundContribution_suite___expected_rows	
EQUAL	DSSub_ClientAccount_suite___expected_rows	
EQUAL	DSSub_ClientCorporateActionNotice_suite___expected_rows	
EQUAL	DSSub_ClientRiskRatingStage_suite___expected_rows	
EQUAL	DSSub_ClientRiskReport_suite___expected_rows	
EQUAL	DSSub_ClientreportingBestExecutionReport_suite___expected_rows	
EQUAL	DSSub_ClosedUnverifiedFinding_suite___expected_rows	
EQUAL	DSSub_ClosedVerifiedFinding_suite___expected_rows	
EQUAL	DSSub_CollateraltransformCollateralDowngradeTrade_suite___expected_rows	
EQUAL	DSSub_CollateraltransformCollateralUpgradeTrade_suite___expected_rows	
EQUAL	DSSub_CollectionsOnBehalfOf_suite___expected_rows	
EQUAL	DSSub_CommercialMortgage_suite___expected_rows	
EQUAL	DSSub_CommoditiesFreightForwardAgreement_suite___expected_rows	
EQUAL	DSSub_CommoditiesWeatherDerivative_suite___expected_rows	
EQUAL	DSSub_CommonEquityRatioTarget_suite___expected_rows	
EQUAL	DSSub_CompletenessRule_suite___expected_rows	
EQUAL	DSSub_CompoundedInArrears_suite___expected_rows	
EQUAL	DSSub_ConcentrationAddOn_suite___expected_rows	
EQUAL	DSSub_ConductRiskTolerance_suite___expected_rows	
EQUAL	DSSub_ContingentConvertible_suite___expected_rows	
EQUAL	DSSub_ContractNote_suite___expected_rows	
EQUAL	DSSub_ControlDesignDeficiency_suite___expected_rows	
EQUAL	DSSub_ControlOperatingDeficiency_suite___expected_rows	
EQUAL	DSSub_CorpactionsxBonusIssue_suite___expected_rows	
EQUAL	DSSub_CorpactionsxCashDividend_suite___expected_rows	
EQUAL	DSSub_CorpactionsxDelisting_suite___expected_rows	
EQUAL	DSSub_CorpactionsxNameChange_suite___expected_rows	
EQUAL	DSSub_CorpactionsxRightsIssue_suite___expected_rows	
EQUAL	DSSub_CorpactionsxSchemeOfArrangement_suite___expected_rows	
EQUAL	DSSub_CorpactionsxSpecialDividend_suite___expected_rows	
EQUAL	DSSub_CorpactionsxStockDividend_suite___expected_rows	
EQUAL	DSSub_CorpactionsxStockSplit_suite___expected_rows	
EQUAL	DSSub_CorpactionsxTenderOffer_suite___expected_rows	
EQUAL	DSSub_CorporateHighYieldEligible_suite___expected_rows	
EQUAL	DSSub_CorporateInvestmentGradeEligible_suite___expected_rows	
EQUAL	DSSub_CorrespondentTransactionMonitoring_suite___expected_rows	
EQUAL	DSSub_CostsAndChargesDisclosure_suite___expected_rows	
EQUAL	DSSub_CountryRiskLimit_suite___expected_rows	
EQUAL	DSSub_CreditAdjustmentSpread_suite___expected_rows	
EQUAL	DSSub_CreditApprovalStage_suite___expected_rows	
EQUAL	DSSub_CreditCardFacility_suite___expected_rows	
EQUAL	DSSub_CreditDefaultSwaption_suite___expected_rows	
EQUAL	DSSub_CreditTotalReturnSwap_suite___expected_rows	
EQUAL	DSSub_CreditstructuresConstantMaturityCds_suite___expected_rows	
EQUAL	DSSub_CreditstructuresCreditLinkedNote_suite___expected_rows	
EQUAL	DSSub_CreditstructuresFirstToDefaultBasket_suite___expected_rows	
EQUAL	DSSub_CreditstructuresLoanCds_suite___expected_rows	
EQUAL	DSSub_CreditstructuresNthToDefaultBasket_suite___expected_rows	
EQUAL	DSSub_CreditstructuresRecoverySwap_suite___expected_rows	
EQUAL	DSSub_CreditstructuresSovereignCds_suite___expected_rows	
EQUAL	DSSub_CriticalDataElementRule_suite___expected_rows	
EQUAL	DSSub_CriticalFinding_suite___expected_rows	
EQUAL	DSSub_CrossBorderAccessArrangement_suite___expected_rows	
EQUAL	DSSub_CrossBorderSweep_suite___expected_rows	
EQUAL	DSSub_CrossFieldConsistencyRule_suite___expected_rows	
EQUAL	DSSub_CrossGammaPnl_suite___expected_rows	
EQUAL	DSSub_CrossMarginBenefit_suite___expected_rows	
EQUAL	DSSub_CrossSystemConsistencyRule_suite___expected_rows	
EQUAL	DSSub_CurrencyMismatchHaircut_suite___expected_rows	
EQUAL	DSSub_CurrentAccount_suite___expected_rows	
EQUAL	DSSub_CustodiedCryptoHolding_suite___expected_rows	
EQUAL	DSSub_CustomerDepositLiability_suite___expected_rows	
EQUAL	DSSub_DataQualityFinding_suite___expected_rows	
EQUAL	DSSub_DatedTier2_suite___expected_rows	
EQUAL	DSSub_DeRiskingExit_suite___expected_rows	
EQUAL	DSSub_DefaultAuctionParticipation_suite___expected_rows	
EQUAL	DSSub_DeferredTaxAsset_suite___expected_rows	
EQUAL	DSSub_DeferredTaxDeduction_suite___expected_rows	
EQUAL	DSSub_DeltaPnl_suite___expected_rows	
EQUAL	DSSub_DeprecatedChannel_suite___expected_rows	
EQUAL	DSSub_DerivativeAsset_suite___expected_rows	
EQUAL	DSSub_DerivativeLiability_suite___expected_rows	
EQUAL	DSSub_DirectExchangeMembership_suite___expected_rows	
EQUAL	DSSub_DirectMarketAccess_suite___expected_rows	
EQUAL	DSSub_DocumentationNegotiationStage_suite___expected_rows	
EQUAL	DSSub_DomainValidityRule_suite___expected_rows	
EQUAL	DSSub_DormantClientStage_suite___expected_rows	
EQUAL	DSSub_DownstreamClearing_suite___expected_rows	
EQUAL	DSSub_EarlyWarningIndicator_suite___expected_rows	
EQUAL	DSSub_EarningsVolatilityTolerance_suite___expected_rows	
EQUAL	DSSub_EmailIndicationChannel_suite___expected_rows	
EQUAL	DSSub_EmissionsAllowance_suite___expected_rows	
EQUAL	DSSub_EnhancedDueDiligenceItem_suite___expected_rows	
EQUAL	DSSub_EstrAdoption_suite___expected_rows	
EQUAL	DSSub_EtfEligible_suite___expected_rows	
EQUAL	DSSub_EuSubsidiary_suite___expected_rows	
EQUAL	DSSub_EvergreenCollateralUpgrade_suite___expected_rows	
EQUAL	DSSub_ExcessCollateral_suite___expected_rows	
EQUAL	DSSub_ExtendedRemediationAction_suite___expected_rows	
EQUAL	DSSub_FallbackTriggerEvent_suite___expected_rows	
EQUAL	DSSub_FileTransferChannel_suite___expected_rows	
EQUAL	DSSub_FirstTradeStage_suite___expected_rows	
EQUAL	DSSub_FixSessionChannel_suite___expected_rows	
EQUAL	DSSub_FixedRateMortgage_suite___expected_rows	
EQUAL	DSSub_FixedTermDeposit_suite___expected_rows	
EQUAL	DSSub_FormatValidityRule_suite___expected_rows	
EQUAL	DSSub_FundingPnl_suite___expected_rows	
EQUAL	DSSub_FxTranslationPnl_suite___expected_rows	
EQUAL	DSSub_GammaPnl_suite___expected_rows	
EQUAL	DSSub_GeneralClearingMemberService_suite___expected_rows	
EQUAL	DSSub_GiveUpArrangement_suite___expected_rows	
EQUAL	DSSub_GoldEligible_suite___expected_rows	
EQUAL	DSSub_GoldLocoLondon_suite___expected_rows	
EQUAL	DSSub_GoodwillAsset_suite___expected_rows	
EQUAL	DSSub_GoodwillDeduction_suite___expected_rows	
EQUAL	DSSub_GrandfatheredInstrument_suite___expected_rows	
EQUAL	DSSub_HaircutDifferential_suite___expected_rows	
EQUAL	DSSub_HighQualityLiquidAssetLevel1_suite___expected_rows	
EQUAL	DSSub_HighQualityLiquidAssetLevel2a_suite___expected_rows	
EQUAL	DSSub_HighRiskFinding_suite___expected_rows	
EQUAL	DSSub_HoldcoSenior_suite___expected_rows	
EQUAL	DSSub_HongKongBranch_suite___expected_rows	
EQUAL	DSSub_HouseAccount_suite___expected_rows	
EQUAL	DSSub_HypotheticalPnl_suite___expected_rows	
EQUAL	DSSub_ImpactToleranceThreshold_suite___expected_rows	
EQUAL	DSSub_InHouseBankAccount_suite___expected_rows	
EQUAL	DSSub_IndexTranche_suite___expected_rows	
EQUAL	DSSub_IndirectClearingArrangement_suite___expected_rows	
EQUAL	DSSub_IndividuallySegregatedAccount_suite___expected_rows	
EQUAL	DSSub_InitialMarginPosting_suite___expected_rows	
EQUAL	DSSub_InitialScreeningStage_suite___expected_rows	
EQUAL	DSSub_InstantAccessSavings_suite___expected_rows	
EQUAL	DSSub_IntercompanyLoanItem_suite___expected_rows	
EQUAL	DSSub_InterestOptimisationItem_suite___expected_rows	
EQUAL	DSSub_IntradayCreditLine_suite___expected_rows	
EQUAL	DSSub_InvoiceFinanceFacility_suite___expected_rows	
EQUAL	DSSub_IrelandEntity_suite___expected_rows	
EQUAL	DSSub_IsdaFallbackProtocol_suite___expected_rows	
EQUAL	DSSub_IssuerConcentrationCap_suite___expected_rows	
EQUAL	DSSub_JapanBranch_suite___expected_rows	
EQUAL	DSSub_JuniorisedContribution_suite___expected_rows	
EQUAL	DSSub_KycCollectionStage_suite___expected_rows	
EQUAL	DSSub_LeverageRatioTarget_suite___expected_rows	
EQUAL	DSSub_LiborCessationEvent_suite___expected_rows	
EQUAL	DSSub_LineageGapRule_suite___expected_rows	
EQUAL	DSSub_LiquidityCoverageImpact_suite___expected_rows	
EQUAL	DSSub_LiquidityCoverageTarget_suite___expected_rows	
EQUAL	DSSub_LiquidityForecastItem_suite___expected_rows	
EQUAL	DSSub_LitigationProvision_suite___expected_rows	
EQUAL	DSSub_LoansAtAmortisedCost_suite___expected_rows	
EQUAL	DSSub_LoansAtFvoci_suite___expected_rows	
EQUAL	DSSub_LockboxService_suite___expected_rows	
EQUAL	DSSub_LookbackConvention_suite___expected_rows	
EQUAL	DSSub_LoroRelationship_suite___expected_rows	
EQUAL	DSSub_LowRiskFinding_suite___expected_rows	
EQUAL	DSSub_LuxembourgEntity_suite___expected_rows	
EQUAL	DSSub_MainIndexEquityEligible_suite___expected_rows	
EQUAL	DSSub_MarginStatement_suite___expected_rows	
EQUAL	DSSub_MatterRequiringAttention_suite___expected_rows	
EQUAL	DSSub_MaturityMismatchItem_suite___expected_rows	
EQUAL	DSSub_MediumRiskFinding_suite___expected_rows	
EQUAL	DSSub_MetalWarrant_suite___expected_rows	
EQUAL	DSSub_MinorityInterestItem_suite___expected_rows	
EQUAL	DSSub_MirrorBooking_suite___expected_rows	
EQUAL	DSSub_MobileAppChannel_suite___expected_rows	
EQUAL	DSSub_ModelChangePnl_suite___expected_rows	
EQUAL	DSSub_MoneyMarketFundEligible_suite___expected_rows	
EQUAL	DSSub_MultiCurrencyPool_suite___expected_rows	
EQUAL	DSSub_MultiDealerPlatform_suite___expected_rows	
EQUAL	DSSub_NaturalGasFuture_suite___expected_rows	
EQUAL	DSSub_NestedCorrespondent_suite___expected_rows	
EQUAL	DSSub_NetOmnibusAccount_suite___expected_rows	
EQUAL	DSSub_NewTradePnl_suite___expected_rows	
EQUAL	DSSub_NonControllingInterest_suite___expected_rows	
EQUAL	DSSub_NostroRelationship_suite___expected_rows	
EQUAL	DSSub_NoticeSavingsAccount_suite___expected_rows	
EQUAL	DSSub_NotionalCashPool_suite___expected_rows	
EQUAL	DSSub_ObservationShiftConvention_suite___expected_rows	
EQUAL	DSSub_OffboardingNoticeStage_suite___expected_rows	
EQUAL	DSSub_OffsetMortgage_suite___expected_rows	
EQUAL	DSSub_OmnibusSegregatedAccount_suite___expected_rows	
EQUAL	DSSub_OperationalLossTolerance_suite___expected_rows	
EQUAL	DSSub_OrdinaryShareCapital_suite___expected_rows	
EQUAL	DSSub_OverdraftFacility_suite___expected_rows	
EQUAL	DSSub_OverdueRemediationAction_suite___expected_rows	
EQUAL	DSSub_OverlayPoolStructure_suite___expected_rows	
EQUAL	DSSub_PartialCall_suite___expected_rows	
EQUAL	DSSub_PayableThroughAccount_suite___expected_rows	
EQUAL	DSSub_PaymentFactory_suite___expected_rows	
EQUAL	DSSub_PeakPowerContract_suite___expected_rows	
EQUAL	DSSub_PensionSchemeSurplus_suite___expected_rows	
EQUAL	DSSub_PerformanceReport_suite___expected_rows	
EQUAL	DSSub_PeriodicRelationshipReview_suite___expected_rows	
EQUAL	DSSub_PeriodicReviewStage_suite___expected_rows	
EQUAL	DSSub_PerpetualTier2_suite___expected_rows	
EQUAL	DSSub_PersonalLoan_suite___expected_rows	
EQUAL	DSSub_PhysicalCashPool_suite___expected_rows	
EQUAL	DSSub_PhysicalDeliveryObligation_suite___expected_rows	
EQUAL	DSSub_PlausibilityRule_suite___expected_rows	
EQUAL	DSSub_PledgeTransformation_suite___expected_rows	
EQUAL	DSSub_PortedClientPosition_suite___expected_rows	
EQUAL	DSSub_PortingArrangement_suite___expected_rows	
EQUAL	DSSub_PositionUnwindStage_suite___expected_rows	
EQUAL	DSSub_PrincipalFillArrangement_suite___expected_rows	
EQUAL	DSSub_ProspectStage_suite___expected_rows	
EQUAL	DSSub_ProxyVotingRecord_suite___expected_rows	
EQUAL	DSSub_PrudentialFilterItem_suite___expected_rows	
EQUAL	DSSub_QualityAdjustmentItem_suite___expected_rows	
EQUAL	DSSub_QuantoCds_suite___expected_rows	
EQUAL	DSSub_ReactivationStage_suite___expected_rows	
EQUAL	DSSub_ReconciliationRule_suite___expected_rows	
EQUAL	DSSub_RecordRetentionStage_suite___expected_rows	
EQUAL	DSSub_RecoveryLock_suite___expected_rows	
EQUAL	DSSub_ReferentialIntegrityRule_suite___expected_rows	
EQUAL	DSSub_RegulatoryClientNotice_suite___expected_rows	
EQUAL	DSSub_RehypothecationRight_suite___expected_rows	
EQUAL	DSSub_RelationshipSanctionsScreening_suite___expected_rows	
EQUAL	DSSub_RemoteBookingArrangement_suite___expected_rows	
EQUAL	DSSub_RepeatFinding_suite___expected_rows	
EQUAL	DSSub_RequestForInformation_suite___expected_rows	
EQUAL	DSSub_ReserveMovementPnl_suite___expected_rows	
EQUAL	DSSub_RestApiChannel_suite___expected_rows	
EQUAL	DSSub_RetainedEarningsItem_suite___expected_rows	
EQUAL	DSSub_ReverseRepoAsset_suite___expected_rows	
EQUAL	DSSub_ReverseSplit_suite___expected_rows	
EQUAL	DSSub_RevolvingCreditFacility_suite___expected_rows	
EQUAL	DSSub_RhoPnl_suite___expected_rows	
EQUAL	DSSub_RightOfUseAsset_suite___expected_rows	
EQUAL	DSSub_RiskAcceptedFinding_suite___expected_rows	
EQUAL	DSSub_RiskFreePrincipalCross_suite___expected_rows	
EQUAL	DSSub_RiskTheoreticalPnl_suite___expected_rows	
EQUAL	DSSub_RunOffEntity_suite___expected_rows	
EQUAL	DSSub_SandboxChannel_suite___expected_rows	
EQUAL	DSSub_ScheduleAmendment_suite___expected_rows	
EQUAL	DSSub_SectorConcentrationLimit_suite___expected_rows	
EQUAL	DSSub_SegregatedTransformationOutput_suite___expected_rows	
EQUAL	DSSub_SelfIdentifiedIssue_suite___expected_rows	
EQUAL	DSSub_SeniorNonPreferred_suite___expected_rows	
EQUAL	DSSub_SettlementBankLine_suite___expected_rows	
EQUAL	DSSub_SettlementLimitItem_suite___expected_rows	
EQUAL	DSSub_ShellBankProhibition_suite___expected_rows	
EQUAL	DSSub_SingaporeBranch_suite___expected_rows	
EQUAL	DSSub_SingleDealerPlatform_suite___expected_rows	
EQUAL	DSSub_SingleNameConcentrationLimit_suite___expected_rows	
EQUAL	DSSub_SmeTermLoan_suite___expected_rows	
EQUAL	DSSub_SofrAdoption_suite___expected_rows	
EQUAL	DSSub_SoniaAdoption_suite___expected_rows	
EQUAL	DSSub_SovereignAaaEligible_suite___expected_rows	
EQUAL	DSSub_SovereignSubInvestmentGrade_suite___expected_rows	
EQUAL	DSSub_SpinOff_suite___expected_rows	
EQUAL	DSSub_SponsoredAccess_suite___expected_rows	
EQUAL	DSSub_StableFundingTarget_suite___expected_rows	
EQUAL	DSSub_StalenessRule_suite___expected_rows	
EQUAL	DSSub_StatisticalOutlierRule_suite___expected_rows	
EQUAL	DSSub_StockMerger_suite___expected_rows	
EQUAL	DSSub_StorageContract_suite___expected_rows	
EQUAL	DSSub_StreamingChannel_suite___expected_rows	
EQUAL	DSSub_StressLossLimit_suite___expected_rows	
EQUAL	DSSub_SubstitutionRight_suite___expected_rows	
EQUAL	DSSub_SuccessionEventItem_suite___expected_rows	
EQUAL	DSSub_SuppressedRule_suite___expected_rows	
EQUAL	DSSub_SupranationalEligible_suite___expected_rows	
EQUAL	DSSub_SuspendedAccessArrangement_suite___expected_rows	
EQUAL	DSSub_SustainabilityDisclosure_suite___expected_rows	
EQUAL	DSSub_SwissEntity_suite___expected_rows	
EQUAL	DSSub_SyntheticLiborSetting_suite___expected_rows	
EQUAL	DSSub_TargetBalanceAccount_suite___expected_rows	
EQUAL	DSSub_TargetCreditRating_suite___expected_rows	
EQUAL	DSSub_TaxReportingPack_suite___expected_rows	
EQUAL	DSSub_TemporaryWriteDownAt1_suite___expected_rows	
EQUAL	DSSub_TenPercentDepreciationNotice_suite___expected_rows	
EQUAL	DSSub_TermCollateralUpgrade_suite___expected_rows	
EQUAL	DSSub_TermRiskFreeRate_suite___expected_rows	
EQUAL	DSSub_ThematicReviewFinding_suite___expected_rows	
EQUAL	DSSub_ThetaPnl_suite___expected_rows	
EQUAL	DSSub_TimelinessRule_suite___expected_rows	
EQUAL	DSSub_TlacEligibleInstrument_suite___expected_rows	
EQUAL	DSSub_ToleranceBreachRule_suite___expected_rows	
EQUAL	DSSub_TonaAdoption_suite___expected_rows	
EQUAL	DSSub_ToughLegacyContract_suite___expected_rows	
EQUAL	DSSub_TrackerMortgage_suite___expected_rows	
EQUAL	DSSub_TradingAssets_suite___expected_rows	
EQUAL	DSSub_TransactionStatement_suite___expected_rows	
EQUAL	DSSub_TransformationCliffRisk_suite___expected_rows	
EQUAL	DSSub_TransformationConcentrationLimit_suite___expected_rows	
EQUAL	DSSub_TransformationFeeAccrual_suite___expected_rows	
EQUAL	DSSub_TransformationRecall_suite___expected_rows	
EQUAL	DSSub_TransitionBasisSwap_suite___expected_rows	
EQUAL	DSSub_TransportCapacityContract_suite___expected_rows	
EQUAL	DSSub_TriggerEventReviewStage_suite___expected_rows	
EQUAL	DSSub_UkBranch_suite___expected_rows	
EQUAL	DSSub_UkSubsidiary_suite___expected_rows	
EQUAL	DSSub_UnexplainedPnl_suite___expected_rows	
EQUAL	DSSub_UniquenessRule_suite___expected_rows	
EQUAL	DSSub_UsBranch_suite___expected_rows	
EQUAL	DSSub_UsIntermediateHoldingCompany_suite___expected_rows	
EQUAL	DSSub_ValuationStatement_suite___expected_rows	
EQUAL	DSSub_ValueAtRiskLimit_suite___expected_rows	
EQUAL	DSSub_VariationMarginPosting_suite___expected_rows	
EQUAL	DSSub_VegaPnl_suite___expected_rows	
EQUAL	DSSub_VirtualAccount_suite___expected_rows	
EQUAL	DSSub_VoiceTradeChannel_suite___expected_rows	
EQUAL	DSSub_VostroRelationship_suite___expected_rows	
EQUAL	DSSub_WhiteLabelChannel_suite___expected_rows	
EQUAL	DSSub_WithholdingOnPoolInterest_suite___expected_rows	
EQUAL	DSSub_WolfsbergQuestionnaire_suite___expected_rows	
EQUAL	DSSub_WrongWayCollateralExclusion_suite___expected_rows	
EQUAL	DSSub_WtiCrudeFuture_suite___expected_rows	
EQUAL	DSSub_ZeroBalanceAccount_suite___expected_rows	
EQUAL	DSTree_AccountOpeningStage_suite___expected_rows	
EQUAL	DSTree_AdditionalTier1Perpetual_suite___expected_rows	
EQUAL	DSTree_AdviserPortalChannel_suite___expected_rows	
EQUAL	DSTree_AgencyMortgageBackedEligible_suite___expected_rows	
EQUAL	DSTree_AggregatorFeedChannel_suite___expected_rows	
EQUAL	DSTree_AgriculturalFuture_suite___expected_rows	
EQUAL	DSTree_AlgorithmicAccessArrangement_suite___expected_rows	
EQUAL	DSTree_AlgorithmicStablecoin_suite___expected_rows	
EQUAL	DSTree_AllocatedGold_suite___expected_rows	
EQUAL	DSTree_Allocation_suite___expected_rows	
EQUAL	DSTree_AmendedTradePnl_suite___expected_rows	
EQUAL	DSTree_AnnualSuitabilityReport_suite___expected_rows	
EQUAL	DSTree_AppetiteBreachEscalation_suite___expected_rows	
EQUAL	DSTree_AssessmentCall_suite___expected_rows	
EQUAL	DSTree_AssetClassCap_suite___expected_rows	
EQUAL	DSTree_AssetFinanceAgreement_suite___expected_rows	
EQUAL	DSTree_AttributionReport_suite___expected_rows	
EQUAL	DSTree_AuctionSettlementItem_suite___expected_rows	
EQUAL	DSTree_AuditFinding_suite___expected_rows	
EQUAL	DSTree_BackToBackBooking_suite___expected_rows	
EQUAL	DSTree_BalanceSheetItem_suite___expected_rows	
EQUAL	DSTree_BankingProduct_suite___expected_rows	
EQUAL	DSTree_BaseloadPowerContract_suite___expected_rows	
EQUAL	DSTree_BenchmarkTransitionItem_suite___expected_rows	
EQUAL	DSTree_BenchmarkreformConsentSolicitation_suite___expected_rows	
EQUAL	DSTree_BeneficialOwnershipStage_suite___expected_rows	
EQUAL	DSTree_BespokeTranche_suite___expected_rows	
EQUAL	DSTree_BinaryProtocolChannel_suite___expected_rows	
EQUAL	DSTree_Book_suite___expected_rows	
EQUAL	DSTree_BookingLocation_suite___expected_rows	
EQUAL	DSTree_BreakResolution_suite___expected_rows	
EQUAL	DSTree_BrentCrudeFuture_suite___expected_rows	
EQUAL	DSTree_BuyToLetMortgage_suite___expected_rows	
EQUAL	DSTree_CallRedemption_suite___expected_rows	
EQUAL	DSTree_CapitalBufferRequirement_suite___expected_rows	
EQUAL	DSTree_CapitalGain_suite___expected_rows	
EQUAL	DSTree_CapitalInstrument_suite___expected_rows	
EQUAL	DSTree_CapitalisedSoftware_suite___expected_rows	
EQUAL	DSTree_CareOrderArrangement_suite___expected_rows	
EQUAL	DSTree_CarryPnl_suite___expected_rows	
EQUAL	DSTree_CashEligible_suite___expected_rows	
EQUAL	DSTree_CashManagementItem_suite___expected_rows	
EQUAL	DSTree_CashMerger_suite___expected_rows	
EQUAL	DSTree_CashSettlement_suite___expected_rows	
EQUAL	DSTree_CaymanSpecialPurposeVehicle_suite___expected_rows	
EQUAL	DSTree_CcpEligibleCollateral_suite___expected_rows	
EQUAL	DSTree_CcpLiquidityAddOn_suite___expected_rows	
EQUAL	DSTree_CcpRecoveryTool_suite___expected_rows	
EQUAL	DSTree_CcpSkinInTheGame_suite___expected_rows	
EQUAL	DSTree_CdsIndexTrade_suite___expected_rows	
EQUAL	DSTree_CgBlocMembership_suite___expected_rows	
EQUAL	DSTree_CgCity_suite___expected_rows	
EQUAL	DSTree_CgCountry_suite___expected_rows	
EQUAL	DSTree_ChatNegotiationChannel_suite___expected_rows	
EQUAL	DSTree_ClearedTrade_suite___expected_rows	
EQUAL	DSTree_ClearingArrangement_suite___expected_rows	
EQUAL	DSTree_ClearingmembersDefaultFundContribution_suite___expected_rows	
EQUAL	DSTree_ClientAccessArrangement_suite___expected_rows	
EQUAL	DSTree_ClientAccount_suite___expected_rows	
EQUAL	DSTree_ClientCorporateActionNotice_suite___expected_rows	
EQUAL	DSTree_ClientLifecycleStage_suite___expected_rows	
EQUAL	DSTree_ClientReport_suite___expected_rows	
EQUAL	DSTree_ClientRiskRatingStage_suite___expected_rows	
EQUAL	DSTree_ClientRiskReport_suite___expected_rows	
EQUAL	DSTree_ClientreportingBestExecutionReport_suite___expected_rows	
EQUAL	DSTree_ClosedUnverifiedFinding_suite___expected_rows	
EQUAL	DSTree_ClosedVerifiedFinding_suite___expected_rows	
EQUAL	DSTree_CollateralScheduleItem_suite___expected_rows	
EQUAL	DSTree_CollateralTransformation_suite___expected_rows	
EQUAL	DSTree_CollateraltransformCollateralDowngradeTrade_suite___expected_rows	
EQUAL	DSTree_CollateraltransformCollateralUpgradeTrade_suite___expected_rows	
EQUAL	DSTree_CollectionsOnBehalfOf_suite___expected_rows	
EQUAL	DSTree_CommercialMortgage_suite___expected_rows	
EQUAL	DSTree_CommoditiesFreightForwardAgreement_suite___expected_rows	
EQUAL	DSTree_CommoditiesWeatherDerivative_suite___expected_rows	
EQUAL	DSTree_CommodityContract_suite___expected_rows	
EQUAL	DSTree_CommonEquityRatioTarget_suite___expected_rows	
EQUAL	DSTree_CompletenessRule_suite___expected_rows	
EQUAL	DSTree_CompoundedInArrears_suite___expected_rows	
EQUAL	DSTree_ConcentrationAddOn_suite___expected_rows	
EQUAL	DSTree_ConductRiskTolerance_suite___expected_rows	
EQUAL	DSTree_ContingentConvertible_suite___expected_rows	
EQUAL	DSTree_ContractNote_suite___expected_rows	
EQUAL	DSTree_ControlDesignDeficiency_suite___expected_rows	
EQUAL	DSTree_ControlOperatingDeficiency_suite___expected_rows	
EQUAL	DSTree_CorpactionsxBonusIssue_suite___expected_rows	
EQUAL	DSTree_CorpactionsxCashDividend_suite___expected_rows	
EQUAL	DSTree_CorpactionsxDelisting_suite___expected_rows	
EQUAL	DSTree_CorpactionsxNameChange_suite___expected_rows	
EQUAL	DSTree_CorpactionsxRightsIssue_suite___expected_rows	
EQUAL	DSTree_CorpactionsxSchemeOfArrangement_suite___expected_rows	
EQUAL	DSTree_CorpactionsxSpecialDividend_suite___expected_rows	
EQUAL	DSTree_CorpactionsxStockDividend_suite___expected_rows	
EQUAL	DSTree_CorpactionsxStockSplit_suite___expected_rows	
EQUAL	DSTree_CorpactionsxTenderOffer_suite___expected_rows	
EQUAL	DSTree_CorporateEventType_suite___expected_rows	
EQUAL	DSTree_CorporateHighYieldEligible_suite___expected_rows	
EQUAL	DSTree_CorporateInvestmentGradeEligible_suite___expected_rows	
EQUAL	DSTree_CorrespondentRelationship_suite___expected_rows	
EQUAL	DSTree_CorrespondentTransactionMonitoring_suite___expected_rows	
EQUAL	DSTree_CostsAndChargesDisclosure_suite___expected_rows	
EQUAL	DSTree_CountryRiskLimit_suite___expected_rows	
EQUAL	DSTree_CreditAdjustmentSpread_suite___expected_rows	
EQUAL	DSTree_CreditApprovalStage_suite___expected_rows	
EQUAL	DSTree_CreditCardFacility_suite___expected_rows	
EQUAL	DSTree_CreditDefaultSwaption_suite___expected_rows	
EQUAL	DSTree_CreditStructure_suite___expected_rows	
EQUAL	DSTree_CreditTotalReturnSwap_suite___expected_rows	
EQUAL	DSTree_CreditstructuresConstantMaturityCds_suite___expected_rows	
EQUAL	DSTree_CreditstructuresCreditLinkedNote_suite___expected_rows	
EQUAL	DSTree_CreditstructuresFirstToDefaultBasket_suite___expected_rows	
EQUAL	DSTree_CreditstructuresLoanCds_suite___expected_rows	
EQUAL	DSTree_CreditstructuresNthToDefaultBasket_suite___expected_rows	
EQUAL	DSTree_CreditstructuresRecoverySwap_suite___expected_rows	
EQUAL	DSTree_CreditstructuresSovereignCds_suite___expected_rows	
EQUAL	DSTree_CriticalDataElementRule_suite___expected_rows	
EQUAL	DSTree_CriticalFinding_suite___expected_rows	
EQUAL	DSTree_CrossBorderAccessArrangement_suite___expected_rows	
EQUAL	DSTree_CrossBorderSweep_suite___expected_rows	
EQUAL	DSTree_CrossFieldConsistencyRule_suite___expected_rows	
EQUAL	DSTree_CrossGammaPnl_suite___expected_rows	
EQUAL	DSTree_CrossMarginBenefit_suite___expected_rows	
EQUAL	DSTree_CrossSystemConsistencyRule_suite___expected_rows	
EQUAL	DSTree_CurrencyMismatchHaircut_suite___expected_rows	
EQUAL	DSTree_CurrentAccount_suite___expected_rows	
EQUAL	DSTree_CustodiedCryptoHolding_suite___expected_rows	
EQUAL	DSTree_CustomerDepositLiability_suite___expected_rows	
EQUAL	DSTree_DailyPnL_suite___expected_rows	
EQUAL	DSTree_DataQualityFinding_suite___expected_rows	
EQUAL	DSTree_DataQualityRule_suite___expected_rows	
EQUAL	DSTree_DatedTier2_suite___expected_rows	
EQUAL	DSTree_DeRiskingExit_suite___expected_rows	
EQUAL	DSTree_DefaultAuctionParticipation_suite___expected_rows	
EQUAL	DSTree_DeferredTaxAsset_suite___expected_rows	
EQUAL	DSTree_DeferredTaxDeduction_suite___expected_rows	
EQUAL	DSTree_DeltaPnl_suite___expected_rows	
EQUAL	DSTree_DeprecatedChannel_suite___expected_rows	
EQUAL	DSTree_DerivativeAsset_suite___expected_rows	
EQUAL	DSTree_DerivativeLiability_suite___expected_rows	
EQUAL	DSTree_DirectExchangeMembership_suite___expected_rows	
EQUAL	DSTree_DirectMarketAccess_suite___expected_rows	
EQUAL	DSTree_DistributionChannel_suite___expected_rows	
EQUAL	DSTree_DocumentationNegotiationStage_suite___expected_rows	
EQUAL	DSTree_DomainValidityRule_suite___expected_rows	
EQUAL	DSTree_DormantClientStage_suite___expected_rows	
EQUAL	DSTree_DownstreamClearing_suite___expected_rows	
EQUAL	DSTree_EarlyWarningIndicator_suite___expected_rows	
EQUAL	DSTree_EarningsVolatilityTolerance_suite___expected_rows	
EQUAL	DSTree_EmailIndicationChannel_suite___expected_rows	
EQUAL	DSTree_EmissionsAllowance_suite___expected_rows	
EQUAL	DSTree_EnhancedDueDiligenceItem_suite___expected_rows	
EQUAL	DSTree_EstrAdoption_suite___expected_rows	
EQUAL	DSTree_EtfEligible_suite___expected_rows	
EQUAL	DSTree_EuSubsidiary_suite___expected_rows	
EQUAL	DSTree_EvergreenCollateralUpgrade_suite___expected_rows	
EQUAL	DSTree_ExcessCollateral_suite___expected_rows	
EQUAL	DSTree_ExtendedRemediationAction_suite___expected_rows	
EQUAL	DSTree_FallbackTriggerEvent_suite___expected_rows	
EQUAL	DSTree_FileTransferChannel_suite___expected_rows	
EQUAL	DSTree_FirstTradeStage_suite___expected_rows	
EQUAL	DSTree_FixSessionChannel_suite___expected_rows	
EQUAL	DSTree_FixedRateMortgage_suite___expected_rows	
EQUAL	DSTree_FixedTermDeposit_suite___expected_rows	
EQUAL	DSTree_FormatValidityRule_suite___expected_rows	
EQUAL	DSTree_FundingPnl_suite___expected_rows	
EQUAL	DSTree_FxTranslationPnl_suite___expected_rows	
EQUAL	DSTree_GammaPnl_suite___expected_rows	
EQUAL	DSTree_GeneralClearingMemberService_suite___expected_rows	
EQUAL	DSTree_GiveUpArrangement_suite___expected_rows	
EQUAL	DSTree_GoldEligible_suite___expected_rows	
EQUAL	DSTree_GoldLocoLondon_suite___expected_rows	
EQUAL	DSTree_GoodwillAsset_suite___expected_rows	
EQUAL	DSTree_GoodwillDeduction_suite___expected_rows	
EQUAL	DSTree_GrandfatheredInstrument_suite___expected_rows	
EQUAL	DSTree_Greeks_suite___expected_rows	
EQUAL	DSTree_HaircutDifferential_suite___expected_rows	
EQUAL	DSTree_HighQualityLiquidAssetLevel1_suite___expected_rows	
EQUAL	DSTree_HighQualityLiquidAssetLevel2a_suite___expected_rows	
EQUAL	DSTree_HighRiskFinding_suite___expected_rows	
EQUAL	DSTree_HoldcoSenior_suite___expected_rows	
EQUAL	DSTree_HongKongBranch_suite___expected_rows	
EQUAL	DSTree_HouseAccount_suite___expected_rows	
LITE-ONLY	DSTree_HypotheticalPnL_suite___expected_rows	
ENGINE-ONLY	DSTree_HypotheticalPnl_suite___expected_rows	
EQUAL	DSTree_IdxConstituent_suite___expected_rows	
EQUAL	DSTree_IdxCountryWeight_suite___expected_rows	
EQUAL	DSTree_ImpactToleranceThreshold_suite___expected_rows	
EQUAL	DSTree_InHouseBankAccount_suite___expected_rows	
EQUAL	DSTree_IndexTranche_suite___expected_rows	
EQUAL	DSTree_IndirectClearingArrangement_suite___expected_rows	
EQUAL	DSTree_IndividuallySegregatedAccount_suite___expected_rows	
EQUAL	DSTree_InitialMarginPosting_suite___expected_rows	
EQUAL	DSTree_InitialScreeningStage_suite___expected_rows	
EQUAL	DSTree_InstantAccessSavings_suite___expected_rows	
EQUAL	DSTree_IntercompanyLoanItem_suite___expected_rows	
EQUAL	DSTree_InterestOptimisationItem_suite___expected_rows	
EQUAL	DSTree_IntradayCreditLine_suite___expected_rows	
EQUAL	DSTree_InvoiceFinanceFacility_suite___expected_rows	
EQUAL	DSTree_IrelandEntity_suite___expected_rows	
EQUAL	DSTree_IsdaFallbackProtocol_suite___expected_rows	
EQUAL	DSTree_IssuerConcentrationCap_suite___expected_rows	
EQUAL	DSTree_JapanBranch_suite___expected_rows	
EQUAL	DSTree_JuniorisedContribution_suite___expected_rows	
EQUAL	DSTree_KycCollectionStage_suite___expected_rows	
EQUAL	DSTree_LeverageRatioTarget_suite___expected_rows	
EQUAL	DSTree_LiborCessationEvent_suite___expected_rows	
EQUAL	DSTree_LineageGapRule_suite___expected_rows	
EQUAL	DSTree_LiquidityCoverageImpact_suite___expected_rows	
EQUAL	DSTree_LiquidityCoverageTarget_suite___expected_rows	
EQUAL	DSTree_LiquidityForecastItem_suite___expected_rows	
EQUAL	DSTree_LitigationProvision_suite___expected_rows	
EQUAL	DSTree_LoansAtAmortisedCost_suite___expected_rows	
EQUAL	DSTree_LoansAtFvoci_suite___expected_rows	
EQUAL	DSTree_LockboxService_suite___expected_rows	
EQUAL	DSTree_LookbackConvention_suite___expected_rows	
EQUAL	DSTree_LoroRelationship_suite___expected_rows	
EQUAL	DSTree_LotPosition_suite___expected_rows	
EQUAL	DSTree_LowRiskFinding_suite___expected_rows	
EQUAL	DSTree_LuxembourgEntity_suite___expected_rows	
EQUAL	DSTree_MainIndexEquityEligible_suite___expected_rows	
EQUAL	DSTree_MarginStatement_suite___expected_rows	
EQUAL	DSTree_MatterRequiringAttention_suite___expected_rows	
EQUAL	DSTree_MaturityMismatchItem_suite___expected_rows	
EQUAL	DSTree_MediumRiskFinding_suite___expected_rows	
EQUAL	DSTree_MetalWarrant_suite___expected_rows	
EQUAL	DSTree_MinorityInterestItem_suite___expected_rows	
EQUAL	DSTree_MirrorBooking_suite___expected_rows	
EQUAL	DSTree_MobileAppChannel_suite___expected_rows	
EQUAL	DSTree_ModelChangePnl_suite___expected_rows	
EQUAL	DSTree_MoneyMarketFundEligible_suite___expected_rows	
EQUAL	DSTree_MultiCurrencyPool_suite___expected_rows	
EQUAL	DSTree_MultiDealerPlatform_suite___expected_rows	
EQUAL	DSTree_NaturalGasFuture_suite___expected_rows	
EQUAL	DSTree_NestedCorrespondent_suite___expected_rows	
EQUAL	DSTree_NetOmnibusAccount_suite___expected_rows	
EQUAL	DSTree_NewTradePnl_suite___expected_rows	
EQUAL	DSTree_NonControllingInterest_suite___expected_rows	
EQUAL	DSTree_NostroRelationship_suite___expected_rows	
EQUAL	DSTree_NoticeSavingsAccount_suite___expected_rows	
EQUAL	DSTree_NotionalCashPool_suite___expected_rows	
EQUAL	DSTree_NovationRequest_suite___expected_rows	
EQUAL	DSTree_ObservationShiftConvention_suite___expected_rows	
EQUAL	DSTree_OffboardingNoticeStage_suite___expected_rows	
EQUAL	DSTree_OffsetMortgage_suite___expected_rows	
EQUAL	DSTree_OmnibusSegregatedAccount_suite___expected_rows	
EQUAL	DSTree_OperationalLossTolerance_suite___expected_rows	
EQUAL	DSTree_OpsConfirmation_suite___expected_rows	
EQUAL	DSTree_OrdinaryShareCapital_suite___expected_rows	
EQUAL	DSTree_OverdraftFacility_suite___expected_rows	
EQUAL	DSTree_OverdueRemediationAction_suite___expected_rows	
EQUAL	DSTree_OverlayPoolStructure_suite___expected_rows	
EQUAL	DSTree_PartialCall_suite___expected_rows	
EQUAL	DSTree_PayableThroughAccount_suite___expected_rows	
EQUAL	DSTree_PaymentFactory_suite___expected_rows	
EQUAL	DSTree_PeakPowerContract_suite___expected_rows	
EQUAL	DSTree_PensionSchemeSurplus_suite___expected_rows	
EQUAL	DSTree_PerformanceReport_suite___expected_rows	
EQUAL	DSTree_PeriodicRelationshipReview_suite___expected_rows	
EQUAL	DSTree_PeriodicReviewStage_suite___expected_rows	
EQUAL	DSTree_PerpetualTier2_suite___expected_rows	
EQUAL	DSTree_PersonalLoan_suite___expected_rows	
EQUAL	DSTree_PhysicalCashPool_suite___expected_rows	
EQUAL	DSTree_PhysicalDeliveryObligation_suite___expected_rows	
EQUAL	DSTree_PlausibilityRule_suite___expected_rows	
EQUAL	DSTree_PledgeTransformation_suite___expected_rows	
EQUAL	DSTree_PnLAdjustment_suite___expected_rows	
EQUAL	DSTree_PnLAttribution_suite___expected_rows	
EQUAL	DSTree_PnLExplain_suite___expected_rows	
EQUAL	DSTree_PnlAccrualEntry_suite___expected_rows	
EQUAL	DSTree_PnlExplainItem_suite___expected_rows	
EQUAL	DSTree_PnlValuationAdjustment_suite___expected_rows	
EQUAL	DSTree_PortedClientPosition_suite___expected_rows	
EQUAL	DSTree_PortingArrangement_suite___expected_rows	
EQUAL	DSTree_PositionBreak_suite___expected_rows	
EQUAL	DSTree_PositionSnapshot_suite___expected_rows	
EQUAL	DSTree_PositionUnwindStage_suite___expected_rows	
EQUAL	DSTree_Position_suite___expected_rows	
EQUAL	DSTree_PositionsReconciliationItem_suite___expected_rows	
EQUAL	DSTree_PrincipalFillArrangement_suite___expected_rows	
EQUAL	DSTree_ProspectStage_suite___expected_rows	
EQUAL	DSTree_ProxyVotingRecord_suite___expected_rows	
EQUAL	DSTree_PrudentialFilterItem_suite___expected_rows	
EQUAL	DSTree_QualityAdjustmentItem_suite___expected_rows	
EQUAL	DSTree_QuantoCds_suite___expected_rows	
EQUAL	DSTree_ReactivationStage_suite___expected_rows	
EQUAL	DSTree_ReconciliationRule_suite___expected_rows	
EQUAL	DSTree_RecordRetentionStage_suite___expected_rows	
EQUAL	DSTree_RecoveryLock_suite___expected_rows	
EQUAL	DSTree_ReferentialIntegrityRule_suite___expected_rows	
EQUAL	DSTree_RegulatoryClientNotice_suite___expected_rows	
EQUAL	DSTree_RehypothecationRight_suite___expected_rows	
EQUAL	DSTree_RelationshipSanctionsScreening_suite___expected_rows	
EQUAL	DSTree_RemoteBookingArrangement_suite___expected_rows	
EQUAL	DSTree_RepeatFinding_suite___expected_rows	
EQUAL	DSTree_RequestForInformation_suite___expected_rows	
EQUAL	DSTree_ReserveMovementPnl_suite___expected_rows	
EQUAL	DSTree_RestApiChannel_suite___expected_rows	
EQUAL	DSTree_RetainedEarningsItem_suite___expected_rows	
EQUAL	DSTree_RevenueAllocation_suite___expected_rows	
EQUAL	DSTree_ReverseRepoAsset_suite___expected_rows	
EQUAL	DSTree_ReverseSplit_suite___expected_rows	
EQUAL	DSTree_RevolvingCreditFacility_suite___expected_rows	
EQUAL	DSTree_RhoPnl_suite___expected_rows	
EQUAL	DSTree_RightOfUseAsset_suite___expected_rows	
EQUAL	DSTree_RiskAcceptedFinding_suite___expected_rows	
EQUAL	DSTree_RiskAppetiteMetric_suite___expected_rows	
EQUAL	DSTree_RiskFreePrincipalCross_suite___expected_rows	
EQUAL	DSTree_RiskTheoreticalPnl_suite___expected_rows	
EQUAL	DSTree_RunOffEntity_suite___expected_rows	
EQUAL	DSTree_SalesCredit_suite___expected_rows	
EQUAL	DSTree_SandboxChannel_suite___expected_rows	
EQUAL	DSTree_ScheduleAmendment_suite___expected_rows	
EQUAL	DSTree_SectorConcentrationLimit_suite___expected_rows	
EQUAL	DSTree_SecuritiesSettlement_suite___expected_rows	
EQUAL	DSTree_SegregatedTransformationOutput_suite___expected_rows	
EQUAL	DSTree_SelfIdentifiedIssue_suite___expected_rows	
EQUAL	DSTree_SeniorNonPreferred_suite___expected_rows	
EQUAL	DSTree_SettlementBankLine_suite___expected_rows	
EQUAL	DSTree_SettlementLimitItem_suite___expected_rows	
EQUAL	DSTree_SettlementSettlementFail_suite___expected_rows	
EQUAL	DSTree_SettlementSettlementInstruction_suite___expected_rows	
EQUAL	DSTree_Settlement_suite___expected_rows	
EQUAL	DSTree_ShellBankProhibition_suite___expected_rows	
EQUAL	DSTree_SingaporeBranch_suite___expected_rows	
EQUAL	DSTree_SingleDealerPlatform_suite___expected_rows	
EQUAL	DSTree_SingleNameConcentrationLimit_suite___expected_rows	
EQUAL	DSTree_SmeTermLoan_suite___expected_rows	
EQUAL	DSTree_SofrAdoption_suite___expected_rows	
EQUAL	DSTree_SoniaAdoption_suite___expected_rows	
EQUAL	DSTree_SovereignAaaEligible_suite___expected_rows	
EQUAL	DSTree_SovereignSubInvestmentGrade_suite___expected_rows	
EQUAL	DSTree_SpinOff_suite___expected_rows	
EQUAL	DSTree_SponsoredAccess_suite___expected_rows	
EQUAL	DSTree_StableFundingTarget_suite___expected_rows	
EQUAL	DSTree_StalenessRule_suite___expected_rows	
EQUAL	DSTree_StatisticalOutlierRule_suite___expected_rows	
EQUAL	DSTree_StockMerger_suite___expected_rows	
EQUAL	DSTree_StorageContract_suite___expected_rows	
EQUAL	DSTree_StreamingChannel_suite___expected_rows	
EQUAL	DSTree_StressLossLimit_suite___expected_rows	
EQUAL	DSTree_SubstitutionRight_suite___expected_rows	
EQUAL	DSTree_SuccessionEventItem_suite___expected_rows	
EQUAL	DSTree_SuppressedRule_suite___expected_rows	
EQUAL	DSTree_SupranationalEligible_suite___expected_rows	
EQUAL	DSTree_SuspendedAccessArrangement_suite___expected_rows	
EQUAL	DSTree_SustainabilityDisclosure_suite___expected_rows	
EQUAL	DSTree_SwapFinancing_suite___expected_rows	
EQUAL	DSTree_SwissEntity_suite___expected_rows	
EQUAL	DSTree_SyntheticLiborSetting_suite___expected_rows	
EQUAL	DSTree_TargetBalanceAccount_suite___expected_rows	
EQUAL	DSTree_TargetCreditRating_suite___expected_rows	
EQUAL	DSTree_TaxLot_suite___expected_rows	
EQUAL	DSTree_TaxReportingPack_suite___expected_rows	
EQUAL	DSTree_TemporaryWriteDownAt1_suite___expected_rows	
EQUAL	DSTree_TenPercentDepreciationNotice_suite___expected_rows	
EQUAL	DSTree_TermCollateralUpgrade_suite___expected_rows	
EQUAL	DSTree_TermRiskFreeRate_suite___expected_rows	
EQUAL	DSTree_ThematicReviewFinding_suite___expected_rows	
EQUAL	DSTree_ThetaPnl_suite___expected_rows	
EQUAL	DSTree_TimelinessRule_suite___expected_rows	
EQUAL	DSTree_TlacEligibleInstrument_suite___expected_rows	
EQUAL	DSTree_ToleranceBreachRule_suite___expected_rows	
EQUAL	DSTree_TonaAdoption_suite___expected_rows	
EQUAL	DSTree_ToughLegacyContract_suite___expected_rows	
EQUAL	DSTree_TrackerMortgage_suite___expected_rows	
EQUAL	DSTree_TradeCorrection_suite___expected_rows	
EQUAL	DSTree_TradeException_suite___expected_rows	
EQUAL	DSTree_TradeLifecycleEvent_suite___expected_rows	
EQUAL	DSTree_TradeReportStatus_suite___expected_rows	
EQUAL	DSTree_TradeReport_suite___expected_rows	
EQUAL	DSTree_Trade_suite___expected_rows	
EQUAL	DSTree_Trader_suite___expected_rows	
EQUAL	DSTree_TradingAssets_suite___expected_rows	
EQUAL	DSTree_TransactionStatement_suite___expected_rows	
EQUAL	DSTree_TransformationCliffRisk_suite___expected_rows	
EQUAL	DSTree_TransformationConcentrationLimit_suite___expected_rows	
EQUAL	DSTree_TransformationFeeAccrual_suite___expected_rows	
EQUAL	DSTree_TransformationRecall_suite___expected_rows	
EQUAL	DSTree_TransitionBasisSwap_suite___expected_rows	
EQUAL	DSTree_TransportCapacityContract_suite___expected_rows	
EQUAL	DSTree_TriggerEventReviewStage_suite___expected_rows	
EQUAL	DSTree_UkBranch_suite___expected_rows	
EQUAL	DSTree_UkSubsidiary_suite___expected_rows	
EQUAL	DSTree_UnexplainedPnl_suite___expected_rows	
EQUAL	DSTree_UniquenessRule_suite___expected_rows	
EQUAL	DSTree_UsBranch_suite___expected_rows	
EQUAL	DSTree_UsIntermediateHoldingCompany_suite___expected_rows	
EQUAL	DSTree_ValuationStatement_suite___expected_rows	
EQUAL	DSTree_ValueAtRiskLimit_suite___expected_rows	
EQUAL	DSTree_VariationMarginPosting_suite___expected_rows	
EQUAL	DSTree_VegaPnl_suite___expected_rows	
EQUAL	DSTree_VirtualAccount_suite___expected_rows	
EQUAL	DSTree_VoiceTradeChannel_suite___expected_rows	
EQUAL	DSTree_VostroRelationship_suite___expected_rows	
EQUAL	DSTree_WhiteLabelChannel_suite___expected_rows	
EQUAL	DSTree_WithholdingOnPoolInterest_suite___expected_rows	
EQUAL	DSTree_WolfsbergQuestionnaire_suite___expected_rows	
EQUAL	DSTree_WrongWayCollateralExclusion_suite___expected_rows	
EQUAL	DSTree_WtiCrudeFuture_suite___expected_rows	
EQUAL	DSTree_ZeroBalanceAccount_suite___expected_rows	
EQUAL	D_AllocationDense_suite___expected_rows	
EQUAL	D_AnalystRecommendationDense_suite___expected_rows	
EQUAL	D_AssetClassCapDense_suite___expected_rows	
EQUAL	D_BookDense_suite___expected_rows	
EQUAL	D_BreakResolutionDense_suite___expected_rows	
EQUAL	D_CapitalGainDense_suite___expected_rows	
EQUAL	D_CashSettlementDense_suite___expected_rows	
EQUAL	D_CgCityDense_suite___expected_rows	
EQUAL	D_ClearedTradeDense_suite___expected_rows	
EQUAL	D_ClientActivityDense_suite___expected_rows	
EQUAL	D_ClientInteractionDense_suite___expected_rows	
EQUAL	D_CollateralScheduleItemDense_suite___expected_rows	
EQUAL	D_CorporateActionDense_suite___expected_rows	
EQUAL	D_DailyPnLDense_suite___expected_rows	
EQUAL	D_ExecutionDense_suite___expected_rows	
EQUAL	D_FeeWaiverDense_suite___expected_rows	
EQUAL	D_GreeksDense_suite___expected_rows	
EQUAL	D_HypotheticalPnLDense_suite___expected_rows	
EQUAL	D_IdxConstituentDense_suite___expected_rows	
EQUAL	D_IdxCountryWeightDense_suite___expected_rows	
EQUAL	D_LotPositionDense_suite___expected_rows	
EQUAL	D_MarketQuoteDense_suite___expected_rows	
EQUAL	D_NovationRequestDense_suite___expected_rows	
EQUAL	D_OpsConfirmationDense_suite___expected_rows	
EQUAL	D_OrderDense_suite___expected_rows	
EQUAL	D_OrderRouteDense_suite___expected_rows	
EQUAL	D_PaymentDense_suite___expected_rows	
EQUAL	D_PnLAdjustmentDense_suite___expected_rows	
EQUAL	D_PnLAttributionDense_suite___expected_rows	
EQUAL	D_PnlAccrualEntryDense_suite___expected_rows	
EQUAL	D_PositionBreakDense_suite___expected_rows	
EQUAL	D_PositionDense_suite___expected_rows	
EQUAL	D_PositionSnapshotDense_suite___expected_rows	
EQUAL	D_ProductsOptionDense_suite___expected_rows	
EQUAL	D_RevenueBudgetDense_suite___expected_rows	
EQUAL	D_SalesCreditDense_suite___expected_rows	
EQUAL	D_SecuritiesSettlementDense_suite___expected_rows	
EQUAL	D_SettlementCorporateActionElectionDense_suite___expected_rows	
EQUAL	D_SettlementDense_suite___expected_rows	
EQUAL	D_SettlementSettlementFailDense_suite___expected_rows	
EQUAL	D_SettlementSettlementInstructionDense_suite___expected_rows	
EQUAL	D_SwapFinancingDense_suite___expected_rows	
EQUAL	D_SyntheticPositionDense_suite___expected_rows	
EQUAL	D_TradeCorrectionDense_suite___expected_rows	
EQUAL	D_TradeDense_suite___expected_rows	
EQUAL	D_TradeExceptionDense_suite___expected_rows	
EQUAL	D_TradeReportDense_suite___expected_rows	
EQUAL	D_TradeReportStatusDense_suite___expected_rows	
EQUAL	D_TraderDense_suite___expected_rows	
EQUAL	E0_ExecutedByQuery_suite___expected_rows	
EQUAL	E1_ExecutedByMapping_suite___expected_rows	
EQUAL	EMPX_All_suite___expected_rows	
EQUAL	EMPX_CertifiedAlgorithmDeveloper_suite___expected_rows	
EQUAL	EMPX_CertifiedTrader_suite___expected_rows	
EQUAL	EMPX_ConductRulesStaff_suite___expected_rows	
EQUAL	EMPX_ContractorRole_suite___expected_rows	
EQUAL	EMPX_ControlFunctionStaff_suite___expected_rows	
EQUAL	EMPX_IntragroupSecondee_suite___expected_rows	
EQUAL	EMPX_LegacyApprovedPerson_suite___expected_rows	
EQUAL	EMPX_MaterialRiskTaker_suite___expected_rows	
EQUAL	EMPX_MoneyLaunderingReportingOfficer_suite___expected_rows	
EQUAL	EMPX_NonExecutiveDirector_suite___expected_rows	
EQUAL	EMPX_OutsourcedFunctionRole_suite___expected_rows	
EQUAL	EMPX_PendingLeaver_suite___expected_rows	
EQUAL	EMPX_SeniorManagerChair_suite___expected_rows	
EQUAL	EMPX_SeniorManagerChiefExecutive_suite___expected_rows	
EQUAL	EMPX_SeniorManagerChiefRiskOfficer_suite___expected_rows	
EQUAL	EMPX_SeniorManagerCompliance_suite___expected_rows	
EQUAL	ENTX_AccessRecertification_suite___expected_rows	
EQUAL	ENTX_All_suite___expected_rows	
EQUAL	ENTX_BreakGlassAccess_suite___expected_rows	
EQUAL	ENTX_JoinerMoverLeaverItem_suite___expected_rows	
EQUAL	ENTX_LimitOverrideEntitlement_suite___expected_rows	
EQUAL	ENTX_ModelApprovalEntitlement_suite___expected_rows	
EQUAL	ENTX_OrphanedAccount_suite___expected_rows	
EQUAL	ENTX_PaymentReleaseEntitlement_suite___expected_rows	
EQUAL	ENTX_PriceOverrideEntitlement_suite___expected_rows	
EQUAL	ENTX_ReadOnlyEntitlement_suite___expected_rows	
EQUAL	ENTX_SegregationOfDutiesConflict_suite___expected_rows	
EQUAL	ENTX_ServiceAccountEntitlement_suite___expected_rows	
EQUAL	ENTX_StaticDataMaintenance_suite___expected_rows	
EQUAL	ENTX_TemporaryElevatedAccess_suite___expected_rows	
EQUAL	ENTX_TradeAmendEntitlement_suite___expected_rows	
EQUAL	ENTX_TradeCancelEntitlement_suite___expected_rows	
EQUAL	ENTX_TradeCaptureEntitlement_suite___expected_rows	
EQUAL	EQXX_All_suite___expected_rows	
EQUAL	EQXX_ArithmeticAsianOption_suite___expected_rows	
EQUAL	EQXX_AutocallableNote_suite___expected_rows	
EQUAL	EQXX_BestOfBasketOption_suite___expected_rows	
EQUAL	EQXX_CashOrNothingDigital_suite___expected_rows	
EQUAL	EQXX_CliquetOption_suite___expected_rows	
EQUAL	EQXX_CppiStructure_suite___expected_rows	
EQUAL	EQXX_DispersionTrade_suite___expected_rows	
EQUAL	EQXX_DownAndInBarrier_suite___expected_rows	
EQUAL	EQXX_EqexoticsCorridorVarianceSwap_suite___expected_rows	
EQUAL	EQXX_EqexoticsRainbowOption_suite___expected_rows	
EQUAL	EQXX_EqexoticsVarianceSwap_suite___expected_rows	
EQUAL	EQXX_FixedStrikeLookback_suite___expected_rows	
EQUAL	EQXX_FloatingStrikeLookback_suite___expected_rows	
EQUAL	EQXX_HimalayaOption_suite___expected_rows	
EQUAL	EQXX_UpAndOutBarrier_suite___expected_rows	
EQUAL	EQXX_WorstOfBasketOption_suite___expected_rows	
EQUAL	ESGX_All_suite___expected_rows	
EQUAL	ESGX_BoardDiversityMetric_suite___expected_rows	
EQUAL	ESGX_CarbonIntensityMetric_suite___expected_rows	
EQUAL	ESGX_ControversyScore_suite___expected_rows	
EQUAL	ESGX_EuTaxonomyAlignment_suite___expected_rows	
EQUAL	ESGX_ExclusionListFlag_suite___expected_rows	
EQUAL	ESGX_GenderPayGapMetric_suite___expected_rows	
EQUAL	ESGX_GreenRevenueShare_suite___expected_rows	
EQUAL	ESGX_PrincipalAdverseImpact_suite___expected_rows	
EQUAL	ESGX_ScopeOneEmissions_suite___expected_rows	
EQUAL	ESGX_ScopeThreeEmissions_suite___expected_rows	
EQUAL	ESGX_ScopeTwoEmissions_suite___expected_rows	
EQUAL	ESGX_SfdrArticleClassification_suite___expected_rows	
EQUAL	ESGX_StewardshipVoteRecord_suite___expected_rows	
EQUAL	ESGX_SupplyChainAuditResult_suite___expected_rows	
EQUAL	ESGX_TemperatureAlignmentMetric_suite___expected_rows	
EQUAL	ESGX_UnGlobalCompactBreach_suite___expected_rows	
EQUAL	ESGX_WasteIntensityMetric_suite___expected_rows	
EQUAL	ESGX_WaterUsageMetric_suite___expected_rows	
EQUAL	EXCX_All_suite___expected_rows	
EQUAL	EXCX_AuthorisationException_suite___expected_rows	
EQUAL	EXCX_CalculationException_suite___expected_rows	
EQUAL	EXCX_CalibrationFailure_suite___expected_rows	
EQUAL	EXCX_ConnectivityException_suite___expected_rows	
EQUAL	EXCX_CreditCheckFailure_suite___expected_rows	
EQUAL	EXCX_CutoffMissedException_suite___expected_rows	
EQUAL	EXCX_DataQualityException_suite___expected_rows	
EQUAL	EXCX_DuplicateTradeException_suite___expected_rows	
EQUAL	EXCX_LimitBreachException_suite___expected_rows	
EQUAL	EXCX_ManualInterventionRequired_suite___expected_rows	
EQUAL	EXCX_MatchingFailure_suite___expected_rows	
EQUAL	EXCX_OrphanTradeException_suite___expected_rows	
EQUAL	EXCX_PriceMissingException_suite___expected_rows	
EQUAL	EXCX_ReconciliationBreakException_suite___expected_rows	
EQUAL	EXCX_ReferenceDataMissingException_suite___expected_rows	
EQUAL	EXCX_ReplayDetectedException_suite___expected_rows	
EQUAL	EXCX_SchemaMismatchException_suite___expected_rows	
EQUAL	EXCX_SequenceGapException_suite___expected_rows	
EQUAL	EXCX_SettlementFailure_suite___expected_rows	
EQUAL	EXCX_StalePriceException_suite___expected_rows	
EQUAL	EXCX_TimeoutException_suite___expected_rows	
EQUAL	EXCX_ValidationException_suite___expected_rows	
VALUES	F0_InstrumentChildCounts_suite___expected_rows	engine has ['[["assetClass", "EQUITY"], ["greeksCount", 1], ["instrumentId", "INST-HSBA"], ["isActive", true], ["name", "HSBC Holdings plc"], ["positionCount", 1], ["ticker", "HSBA"], ["tradeCount", 3]]', '[["assetClass", "EQUITY"], ["greeksCount", 1], ["instrumentId", "INST-SAP"], ["isActive", true], ["name", "SAP SE"], ["positionCount", 1], ["ticker", "SAP"], ["tradeCount", 2]]']; lite has ['[["assetClass", "EQUITY"], ["greeksCount", 0], ["instrumentId", "INST-HSBA"], ["isActive", true], ["name", "HSBC Holdings plc"], ["positionCount", 1], ["ticker", "HSBA"], ["tradeCount", 3]]', '[["assetClass", "EQUITY"], ["greeksCount", 0], ["instrumentId", "INST-SAP"], ["isActive", true], ["name", "SAP SE"], ["positionCount", 1], ["ticker", "SAP"], ["tradeCount", 2]]']
EQUAL	F10_RatingsAsOf2019_suite___expected_rows	
EQUAL	F11_RatingsAsOf2021_suite___expected_rows	
EQUAL	F12_RatingsDayBeforeChange_suite___expected_rows	
EQUAL	F13_RatingsOnChangeDate_suite___expected_rows	
EQUAL	F14_RatingsLatest_suite___expected_rows	
VALUES	F1_CounterpartyChildCounts_suite___expected_rows	engine has ['[["counterpartyId", "CP-0004"], ["countryName", "Japan"], ["csaCount", 1], ["isActive", false], ["legalName", "Halberd Securities"], ["settlementCount", 2], ["tier", 3], ["tradeCount", 2]]', '[["counterpartyId", "CP-0005"], ["countryName", "United Kingdom"], ["csaCount", 1], ["isActive", true], ["legalName", "Kestrel Pension Trust"], ["settlementCount", 1], ["tier", 2], ["tradeCount", 1]]']; lite has ['[["counterpartyId", "CP-0004"], ["countryName", "Japan"], ["csaCount", 0], ["isActive", false], ["legalName", "Halberd Securities"], ["settlementCount", 2], ["tier", 3], ["tradeCount", 2]]', '[["counterpartyId", "CP-0005"], ["countryName", "United Kingdom"], ["csaCount", 0], ["isActive", true], ["legalName", "Kestrel Pension Trust"], ["settlementCount", 0], ["tier", 2], ["tradeCount", 0]]']
EQUAL	F20_NotionalByBook_suite___expected_rows	
EQUAL	F21_TraderManagerChain_suite___expected_rows	
VALUES	F2_BookChildCounts_suite___expected_rows	engine has ['[["bookId", "BK-LEGACY"], ["currency", "GBP"], ["deskName", "Equity Derivatives"], ["deskRegion", "EMEA"], ["isActive", false], ["name", "Legacy Wind-down"], ["pnlCount", 1], ["positionCount", 1], ["tradeCount", 1]]', '[["bookId", "BK-EQ"], ["currency", "USD"], ["deskName", "Cash Equities"], ["deskRegion", "Americas"], ["isActive", true], ["name", "Equity derivatives"], ["pnlCount", 1], ["positionCount", 1], ["tradeCount", 1]]']; lite has ['[["bookId", "BK-LEGACY"], ["currency", "GBP"], ["deskName", "Equity Derivatives"], ["deskRegion", "EMEA"], ["isActive", false], ["name", "Legacy Wind-down"], ["pnlCount", 0], ["positionCount", 1], ["tradeCount", 0]]', '[["bookId", "BK-EQ"], ["currency", "USD"], ["deskName", "Cash Equities"], ["deskRegion", "Americas"], ["isActive", true], ["name", "Equity derivatives"], ["pnlCount", 0], ["positionCount", 0], ["tradeCount", 0]]']
EQUAL	F30_TradeEverything_suite___expected_rows	
EQUAL	F31_TradeRules_suite___expected_rows	
EQUAL	F32_TradeRollupEverything_suite___expected_rows	
VALUES	F35_DayOfYear_suite___june_third	engine has ['[["dom", 3], ["doy", 3], ["mon", 6], ["wk", 23]]']; lite has ['[["dom", 3], ["doy", 155], ["mon", 6], ["wk", 23]]']
ENGINE-ONLY	F37_SubstringPure_suite___zero_based_exclusive_end	
EQUAL	F37_SubstringSql_suite___zero_based_exclusive_end	
SPELLING	F38_FirstDayTypes_suite___all_four_are_dates	
VALUES	F39_NullBoolean_suite___three_valued	engine has ['[["ends", true], ["endsCol", false], ["eq", false], ["has", true], ["hasCol", false], ["isNul", false], ["starts", true], ["startsCol", false], ["stored", null]]', '[["ends", true], ["endsCol", false], ["eq", false], ["has", true], ["hasCol", false], ["isNul", false], ["starts", true], ["startsCol", false], ["stored", null]]']; lite has ['[["ends", true], ["endsCol", null], ["eq", false], ["has", true], ["hasCol", null], ["isNul", false], ["starts", true], ["startsCol", null], ["stored", null]]', '[["ends", true], ["endsCol", true], ["eq", false], ["has", true], ["hasCol", true], ["isNul", false], ["starts", true], ["startsCol", true], ["stored", null]]']
VALUES	F3_DeskChildCounts_suite___expected_rows	engine has ['[["assetClass", "CREDIT"], ["bookCount", 1], ["deskId", "DSK-CREDIT"], ["isActive", false], ["name", "Credit Trading"], ["pnlCount", 1], ["region", "Americas"], ["traderCount", 1]]']; lite has ['[["assetClass", "CREDIT"], ["bookCount", 0], ["deskId", "DSK-CREDIT"], ["isActive", false], ["name", "Credit Trading"], ["pnlCount", 0], ["region", "Americas"], ["traderCount", 0]]']
COUNT	F41_RelationFirst_suite___one_row	engine 4 rows, lite 1
VALUES	F4_SectorInstrumentCounts_suite___expected_rows	engine has ['[["gicsCode", 55], ["instrumentCount", 1], ["isActive", false], ["name", "Utilities"], ["sectorId", "SEC-55"]]']; lite has ['[["gicsCode", 55], ["instrumentCount", 0], ["isActive", false], ["name", "Utilities"], ["sectorId", "SEC-55"]]']
EQUAL	F5_TraderChildCounts_suite___expected_rows	
VALUES	F6_PositionGreeksCounts_suite___expected_rows	engine has ['[["currency", "GBP"], ["direction", "SHORT"], ["greeksCount", 1], ["instrumentName", "HSBC Holdings plc"], ["isOpen", true], ["positionId", "POS-0003"]]', '[["currency", "GBP"], ["direction", "LONG"], ["greeksCount", 1], ["instrumentName", "SAP SE"], ["isOpen", true], ["positionId", "POS-0004"]]']; lite has ['[["currency", "GBP"], ["direction", "SHORT"], ["greeksCount", 0], ["instrumentName", "HSBC Holdings plc"], ["isOpen", true], ["positionId", "POS-0003"]]', '[["currency", "GBP"], ["direction", "LONG"], ["greeksCount", 0], ["instrumentName", "SAP SE"], ["isOpen", true], ["positionId", "POS-0004"]]']
EQUAL	F7_TradeDerivedProperties_suite___expected_rows	
EQUAL	F8_SettlementTradeDerived_suite___expected_rows	
EQUAL	FAIX_All_suite___expected_rows	
EQUAL	FAIX_BilateralCancellation_suite___expected_rows	
EQUAL	FAIX_BuyInTriggered_suite___expected_rows	
EQUAL	FAIX_CounterpartySuspended_suite___expected_rows	
EQUAL	FAIX_CsdrPenaltyItem_suite___expected_rows	
EQUAL	FAIX_InsufficientCash_suite___expected_rows	
EQUAL	FAIX_InsufficientSecurities_suite___expected_rows	
EQUAL	FAIX_LateMatchingFail_suite___expected_rows	
EQUAL	FAIX_MarketClaimItem_suite___expected_rows	
EQUAL	FAIX_PartialSettlementItem_suite___expected_rows	
EQUAL	FAIX_SanctionsHold_suite___expected_rows	
EQUAL	FAIX_ShapingRequiredFail_suite___expected_rows	
EQUAL	FAIX_SsiMismatchFail_suite___expected_rows	
EQUAL	FAIX_SystemOutageFail_suite___expected_rows	
EQUAL	FAIX_TransformationItem_suite___expected_rows	
EQUAL	FAIX_UnmatchedInstruction_suite___expected_rows	
EQUAL	FAIX_WrongPlaceOfSettlement_suite___expected_rows	
EQUAL	FEEX_All_suite___expected_rows	
EQUAL	FEEX_AmendmentFee_suite___expected_rows	
EQUAL	FEEX_BreakCost_suite___expected_rows	
EQUAL	FEEX_BrokerageCommission_suite___expected_rows	
EQUAL	FEEX_ClearingFeeCharge_suite___expected_rows	
EQUAL	FEEX_FeesCustodyFee_suite___expected_rows	
EQUAL	FEEX_FeesExchangeFee_suite___expected_rows	
EQUAL	FEEX_FeesManagementFee_suite___expected_rows	
EQUAL	FEEX_FeesMarketDataFee_suite___expected_rows	
EQUAL	FEEX_FeesPerformanceFee_suite___expected_rows	
EQUAL	FEEX_FeesPlatformFee_suite___expected_rows	
EQUAL	FEEX_FeesSettlementFee_suite___expected_rows	
EQUAL	FEEX_FeesStockBorrowFee_suite___expected_rows	
EQUAL	FEEX_FinancialTransactionTax_suite___expected_rows	
EQUAL	FEEX_FinancingCharge_suite___expected_rows	
EQUAL	FEEX_OverdraftInterest_suite___expected_rows	
EQUAL	FEEX_ResearchCharge_suite___expected_rows	
EQUAL	FEEX_SecTransactionFee_suite___expected_rows	
EQUAL	FEEX_StampDuty_suite___expected_rows	
EQUAL	FEEX_WireTransferFee_suite___expected_rows	
EQUAL	FEEX_WithholdingTaxCharge_suite___expected_rows	
EQUAL	FI0_SecurityTerms_suite___expected_rows	
EQUAL	FI1_CouponSchedule_suite___expected_rows	
EQUAL	FI2_CouponPayments_suite___expected_rows	
EQUAL	FI3_ScheduleTotals_suite___expected_rows	
EQUAL	FI4_UnpaidPeriods_suite___expected_rows	
EQUAL	FNDX_All_suite___expected_rows	
EQUAL	FNDX_CollectiveInvestmentTrust_suite___expected_rows	
EQUAL	FNDX_FeederFund_suite___expected_rows	
EQUAL	FNDX_FundOfFunds_suite___expected_rows	
EQUAL	FNDX_FundtypesAlternativeInvestmentFund_suite___expected_rows	
EQUAL	FNDX_FundtypesClosedEndFund_suite___expected_rows	
EQUAL	FNDX_FundtypesExchangeTradedFund_suite___expected_rows	
EQUAL	FNDX_HedgeFundVehicle_suite___expected_rows	
EQUAL	FNDX_InfrastructureFund_suite___expected_rows	
EQUAL	FNDX_IntervalFund_suite___expected_rows	
EQUAL	FNDX_MoneyMarketFund_suite___expected_rows	
EQUAL	FNDX_PrivateEquityFund_suite___expected_rows	
EQUAL	FNDX_RealEstateFund_suite___expected_rows	
EQUAL	FNDX_RegisteredInvestmentCompany_suite___expected_rows	
EQUAL	FNDX_SegregatedMandate_suite___expected_rows	
EQUAL	FNDX_SidePocketItem_suite___expected_rows	
EQUAL	FNDX_UcitsFund_suite___expected_rows	
EQUAL	FRTX_All_suite___expected_rows	
EQUAL	FRTX_BacktestException_suite___expected_rows	
EQUAL	FRTX_BankingTradingBoundaryItem_suite___expected_rows	
EQUAL	FRTX_DefaultRiskCharge_suite___expected_rows	
EQUAL	FRTX_DeskHierarchyItem_suite___expected_rows	
EQUAL	FRTX_InternalModelExpectedShortfall_suite___expected_rows	
EQUAL	FRTX_InternalRiskTransfer_suite___expected_rows	
EQUAL	FRTX_NonModellableRiskFactor_suite___expected_rows	
EQUAL	FRTX_OutputFloorItem_suite___expected_rows	
EQUAL	FRTX_ProfitAndLossAttributionAmber_suite___expected_rows	
EQUAL	FRTX_ProfitAndLossAttributionRed_suite___expected_rows	
EQUAL	FRTX_ProfitAndLossAttributionTest_suite___expected_rows	
EQUAL	FRTX_RegulatoryTradingDesk_suite___expected_rows	
EQUAL	FRTX_ResidualRiskAddOn_suite___expected_rows	
EQUAL	FRTX_RiskFactorEligibilityTest_suite___expected_rows	
EQUAL	FRTX_StandardisedSensitivity_suite___expected_rows	
EQUAL	FRTX_StressedPeriodCalibration_suite___expected_rows	
EQUAL	FUNX_All_suite___expected_rows	
EQUAL	FUNX_CentralBankFacility_suite___expected_rows	
EQUAL	FUNX_CommercialPaperProgramme_suite___expected_rows	
EQUAL	FUNX_CorporateDeposit_suite___expected_rows	
EQUAL	FUNX_CoveredBondFunding_suite___expected_rows	
EQUAL	FUNX_EquityFunding_suite___expected_rows	
EQUAL	FUNX_FundingsourcesCertificateOfDeposit_suite___expected_rows	
EQUAL	FUNX_IntragroupFunding_suite___expected_rows	
EQUAL	FUNX_LeaseLiability_suite___expected_rows	
EQUAL	FUNX_NonOperationalDeposit_suite___expected_rows	
EQUAL	FUNX_OperationalDeposit_suite___expected_rows	
EQUAL	FUNX_RetailDeposit_suite___expected_rows	
EQUAL	FUNX_SecuredRepoFunding_suite___expected_rows	
EQUAL	FUNX_SecuritisationFunding_suite___expected_rows	
EQUAL	FUNX_SeniorUnsecuredIssue_suite___expected_rows	
EQUAL	FUNX_TargetedLongTermOperation_suite___expected_rows	
EQUAL	FUNX_WholesaleUnsecuredFunding_suite___expected_rows	
EQUAL	FXXX_AccumulatorForward_suite___expected_rows	
EQUAL	FXXX_All_suite___expected_rows	
EQUAL	FXXX_CompoundOption_suite___expected_rows	
EQUAL	FXXX_DecumulatorForward_suite___expected_rows	
EQUAL	FXXX_DoubleNoTouchOption_suite___expected_rows	
EQUAL	FXXX_FxBasketOption_suite___expected_rows	
EQUAL	FXXX_FxVolatilitySwap_suite___expected_rows	
EQUAL	FXXX_NoTouchOption_suite___expected_rows	
EQUAL	FXXX_OneTouchOption_suite___expected_rows	
EQUAL	FXXX_PartialBarrierOption_suite___expected_rows	
EQUAL	FXXX_ParticipatingForward_suite___expected_rows	
EQUAL	FXXX_PivotTargetRedemption_suite___expected_rows	
EQUAL	FXXX_QuantoOption_suite___expected_rows	
EQUAL	FXXX_ReverseKnockIn_suite___expected_rows	
EQUAL	FXXX_SeagullStructure_suite___expected_rows	
EQUAL	FXXX_TargetRedemptionForward_suite___expected_rows	
EQUAL	FXXX_WindowBarrierOption_suite___expected_rows	
EQUAL	G0_TradeTree_suite___expected_rows	
EQUAL	G1_UnionTree_suite___expected_rows	
EQUAL	G2_MilestonedTree_suite___expected_rows	
LITE-ONLY	G3_UnionTreeWithEnum_suite___expected_rows	
EQUAL	GG_AccountingRuleTree_suite___expected_rows	
EQUAL	GG_AllocationTree_suite___expected_rows	
EQUAL	GG_AnalystRecommendationTree_suite___expected_rows	
EQUAL	GG_BookTree_suite___expected_rows	
EQUAL	GG_CashSettlementTree_suite___expected_rows	
EQUAL	GG_CgBlocMembershipTree_suite___expected_rows	
EQUAL	GG_CgCityTree_suite___expected_rows	
EQUAL	GG_CgCountryTree_suite___expected_rows	
EQUAL	GG_ClearedTradeTree_suite___expected_rows	
EQUAL	GG_ClientCoverageTree_suite___expected_rows	
EQUAL	GG_CollateralScheduleItemTree_suite___expected_rows	
EQUAL	GG_Core_accountAccountTree_suite___expected_rows	
EQUAL	GG_CouponPeriodTree_suite___expected_rows	
EQUAL	GG_CuConversionTree_suite___expected_rows	
EQUAL	GG_CurvePointTree_suite___expected_rows	
EQUAL	GG_DailyPnLTree_suite___expected_rows	
EQUAL	GG_DepartmentTree_suite___expected_rows	
EQUAL	GG_FeeScheduleTree_suite___expected_rows	
EQUAL	GG_FxRateTree_suite___expected_rows	
EQUAL	GG_GreeksTree_suite___expected_rows	
EQUAL	GG_JournalEntryTree_suite___expected_rows	
EQUAL	GG_MarginCallTree_suite___expected_rows	
EQUAL	GG_MarketQuoteTree_suite___expected_rows	
EQUAL	GG_PaymentTree_suite___expected_rows	
EQUAL	GG_PositionTree_suite___expected_rows	
EQUAL	GG_ProductsInstrumentTree_suite___expected_rows	
EQUAL	GG_RegulatoryCapitalTree_suite___expected_rows	
EQUAL	GG_SalesCreditTree_suite___expected_rows	
EQUAL	GG_SalesPersonTree_suite___expected_rows	
EQUAL	GG_ScenarioResultTree_suite___expected_rows	
EQUAL	GG_SensitivityTree_suite___expected_rows	
EQUAL	GG_SettlementTree_suite___expected_rows	
EQUAL	GG_SyntheticPositionTree_suite___expected_rows	
EQUAL	GG_TradeExceptionTree_suite___expected_rows	
EQUAL	GG_TradeTree_suite___expected_rows	
EQUAL	GG_TraderTree_suite___expected_rows	
EQUAL	GRNX_All_suite___expected_rows	
EQUAL	GRNX_CarbonCreditHolding_suite___expected_rows	
EQUAL	GRNX_EuGreenBondStandard_suite___expected_rows	
EQUAL	GRNX_FinancedEmissionsItem_suite___expected_rows	
EQUAL	GRNX_GreenBond_suite___expected_rows	
EQUAL	GRNX_GreenwashingConcernFlag_suite___expected_rows	
EQUAL	GRNX_SecondPartyOpinion_suite___expected_rows	
EQUAL	GRNX_SocialBond_suite___expected_rows	
EQUAL	GRNX_SustainabilityBond_suite___expected_rows	
EQUAL	GRNX_SustainabilityLinkedBond_suite___expected_rows	
EQUAL	GRNX_SustainabilityLinkedLoan_suite___expected_rows	
EQUAL	GRNX_SustainabilityPerformanceTarget_suite___expected_rows	
EQUAL	GRNX_TaxonomyAlignedActivity_suite___expected_rows	
EQUAL	GRNX_TaxonomyEligibleActivity_suite___expected_rows	
EQUAL	GRNX_TransitionBond_suite___expected_rows	
EQUAL	GRNX_UseOfProceedsReport_suite___expected_rows	
EQUAL	GRNX_VerificationReport_suite___expected_rows	
EQUAL	HDGX_AggregatedExposureHedge_suite___expected_rows	
EQUAL	HDGX_All_suite___expected_rows	
EQUAL	HDGX_BasisAdjustment_suite___expected_rows	
EQUAL	HDGX_CashFlowHedge_suite___expected_rows	
EQUAL	HDGX_CostOfHedgingReserve_suite___expected_rows	
EQUAL	HDGX_DynamicRiskManagementHedge_suite___expected_rows	
EQUAL	HDGX_FairValueHedge_suite___expected_rows	
EQUAL	HDGX_ForcedDiscontinuation_suite___expected_rows	
EQUAL	HDGX_ForecastNoLongerExpected_suite___expected_rows	
EQUAL	HDGX_HedgeIneffectiveness_suite___expected_rows	
EQUAL	HDGX_HedgeRebalancing_suite___expected_rows	
EQUAL	HDGX_NetInvestmentHedge_suite___expected_rows	
EQUAL	HDGX_OwnUseContract_suite___expected_rows	
EQUAL	HDGX_PortfolioFairValueHedge_suite___expected_rows	
EQUAL	HDGX_ProspectiveEffectivenessTest_suite___expected_rows	
EQUAL	HDGX_RetrospectiveEffectivenessTest_suite___expected_rows	
EQUAL	HDGX_VoluntaryDiscontinuation_suite___expected_rows	
ENGINE-ONLY	H_Bond_suite___expected_rows	
ENGINE-ONLY	H_InstrumentReach_suite___expected_rows	
ENGINE-ONLY	H_Instrument_suite___expected_rows	
ENGINE-ONLY	H_IssuerBindingBool_suite___expected_rows	
ENGINE-ONLY	H_IssuerBinding_suite___expected_rows	
ENGINE-ONLY	H_IssuerLabel_suite___expected_rows	
ENGINE-ONLY	H_IssuerProd_suite___expected_rows	
ENGINE-ONLY	H_Issuer_suite___expected_rows	
ENGINE-ONLY	H_Option_suite___expected_rows	
EQUAL	IDNX_All_suite___expected_rows	
EQUAL	IDNX_BloombergTicker_suite___expected_rows	
EQUAL	IDNX_ClassificationOfFinancialInstruments_suite___expected_rows	
EQUAL	IDNX_CusipIdentifier_suite___expected_rows	
EQUAL	IDNX_FigiIdentifier_suite___expected_rows	
EQUAL	IDNX_InternalInstrumentId_suite___expected_rows	
EQUAL	IDNX_IsinIdentifier_suite___expected_rows	
EQUAL	IDNX_LegalEntityIdentifier_suite___expected_rows	
EQUAL	IDNX_MarketIdentifierCode_suite___expected_rows	
EQUAL	IDNX_RetiredIdentifier_suite___expected_rows	
EQUAL	IDNX_ReutersInstrumentCode_suite___expected_rows	
EQUAL	IDNX_SedolIdentifier_suite___expected_rows	
EQUAL	IDNX_UniqueProductIdentifier_suite___expected_rows	
EQUAL	IDNX_UniqueTradeIdentifier_suite___expected_rows	
EQUAL	IDNX_ValorNumber_suite___expected_rows	
EQUAL	IDNX_VendorInstrumentId_suite___expected_rows	
EQUAL	IDNX_WertpapierKennnummer_suite___expected_rows	
EQUAL	IDXX_All_suite___expected_rows	
EQUAL	IDXX_CappedWeightIndex_suite___expected_rows	
EQUAL	IDXX_CustomBasketIndex_suite___expected_rows	
EQUAL	IDXX_DividendYieldIndex_suite___expected_rows	
EQUAL	IDXX_EqualWeightedIndex_suite___expected_rows	
EQUAL	IDXX_EsgOptimisedIndex_suite___expected_rows	
EQUAL	IDXX_EsgScreenedIndex_suite___expected_rows	
EQUAL	IDXX_ExcessReturnIndex_suite___expected_rows	
EQUAL	IDXX_FreeFloatMarketCapIndex_suite___expected_rows	
EQUAL	IDXX_FullMarketCapIndex_suite___expected_rows	
EQUAL	IDXX_FundamentalWeightedIndex_suite___expected_rows	
EQUAL	IDXX_MinimumVarianceIndex_suite___expected_rows	
EQUAL	IDXX_MomentumFactorIndex_suite___expected_rows	
EQUAL	IDXX_PriceWeightedIndex_suite___expected_rows	
EQUAL	IDXX_QualityFactorIndex_suite___expected_rows	
EQUAL	IDXX_RiskParityIndex_suite___expected_rows	
EQUAL	IDXX_TotalReturnIndex_suite___expected_rows	
EQUAL	IMPX_All_suite___expected_rows	
EQUAL	IMPX_CollateralDependentExposure_suite___expected_rows	
EQUAL	IMPX_CuredExposure_suite___expected_rows	
EQUAL	IMPX_ForborneExposure_suite___expected_rows	
EQUAL	IMPX_FullWriteOff_suite___expected_rows	
EQUAL	IMPX_ManagementOverlay_suite___expected_rows	
EQUAL	IMPX_NinetyDayBackstop_suite___expected_rows	
EQUAL	IMPX_PartialWriteOff_suite___expected_rows	
EQUAL	IMPX_PostModelAdjustment_suite___expected_rows	
EQUAL	IMPX_PurchasedCreditImpaired_suite___expected_rows	
EQUAL	IMPX_QualitativeSicrTrigger_suite___expected_rows	
EQUAL	IMPX_QuantitativeSicrTrigger_suite___expected_rows	
EQUAL	IMPX_ScenarioWeightedEcl_suite___expected_rows	
EQUAL	IMPX_StageOneTwelveMonth_suite___expected_rows	
EQUAL	IMPX_StageThreeCreditImpaired_suite___expected_rows	
EQUAL	IMPX_StageTwoLifetime_suite___expected_rows	
EQUAL	IMPX_ThirtyDayBackstop_suite___expected_rows	
EQUAL	INCX_All_suite___expected_rows	
EQUAL	INCX_CyberIntrusionIncident_suite___expected_rows	
EQUAL	INCX_DataBreachIncident_suite___expected_rows	
EQUAL	INCX_DataLossIncident_suite___expected_rows	
EQUAL	INCX_DegradedServiceIncident_suite___expected_rows	
EQUAL	INCX_DuplicatePaymentIncident_suite___expected_rows	
EQUAL	INCX_ErroneousTradeIncident_suite___expected_rows	
EQUAL	INCX_MajorReportableIncident_suite___expected_rows	
EQUAL	INCX_MisSellingIncident_suite___expected_rows	
EQUAL	INCX_NearMissIncident_suite___expected_rows	
EQUAL	INCX_PhysicalSecurityIncident_suite___expected_rows	
EQUAL	INCX_PostIncidentAction_suite___expected_rows	
EQUAL	INCX_RansomwareIncident_suite___expected_rows	
EQUAL	INCX_RegulatoryReportingFailure_suite___expected_rows	
EQUAL	INCX_SettlementIncident_suite___expected_rows	
EQUAL	INCX_SystemOutageIncident_suite___expected_rows	
EQUAL	INCX_ThirdPartyFailureIncident_suite___expected_rows	
EQUAL	INSX_AggregateExcessOfLoss_suite___expected_rows	
EQUAL	INSX_All_suite___expected_rows	
EQUAL	INSX_CollateralisedReinsurance_suite___expected_rows	
EQUAL	INSX_EarnedPremiumItem_suite___expected_rows	
EQUAL	INSX_EventTriggerItem_suite___expected_rows	
EQUAL	INSX_ExcessOfLossTreaty_suite___expected_rows	
EQUAL	INSX_IncurredButNotReported_suite___expected_rows	
EQUAL	INSX_IndemnityCatastropheBond_suite___expected_rows	
EQUAL	INSX_IndustryLossWarranty_suite___expected_rows	
EQUAL	INSX_InsurancelinkedLongevitySwap_suite___expected_rows	
EQUAL	INSX_LossReserveItem_suite___expected_rows	
EQUAL	INSX_MortalityBond_suite___expected_rows	
EQUAL	INSX_ParametricCatastropheBond_suite___expected_rows	
EQUAL	INSX_QuotaShareTreaty_suite___expected_rows	
EQUAL	INSX_ReinstatementPremium_suite___expected_rows	
EQUAL	INSX_ReinsuranceSidecar_suite___expected_rows	
EQUAL	INSX_UnearnedPremiumItem_suite___expected_rows	
EQUAL	ISLX_All_suite___expected_rows	
EQUAL	ISLX_CommodityMurabaha_suite___expected_rows	
EQUAL	ISLX_DiminishingMusharaka_suite___expected_rows	
EQUAL	ISLX_IjaraLease_suite___expected_rows	
EQUAL	ISLX_IjaraMuntahiaBittamleek_suite___expected_rows	
EQUAL	ISLX_IjaraSukuk_suite___expected_rows	
EQUAL	ISLX_IstisnaContract_suite___expected_rows	
EQUAL	ISLX_MudarabaContract_suite___expected_rows	
EQUAL	ISLX_MurabahaContract_suite___expected_rows	
EQUAL	ISLX_MurabahaSukuk_suite___expected_rows	
EQUAL	ISLX_MusharakaPartnership_suite___expected_rows	
EQUAL	ISLX_PurificationAmount_suite___expected_rows	
EQUAL	ISLX_QardHasan_suite___expected_rows	
EQUAL	ISLX_SalamContract_suite___expected_rows	
EQUAL	ISLX_TakafulArrangement_suite___expected_rows	
EQUAL	ISLX_WakalaDeposit_suite___expected_rows	
EQUAL	ISLX_WakalaSukuk_suite___expected_rows	
EQUAL	ISSX_All_suite___expected_rows	
EQUAL	ISSX_AllocationDecision_suite___expected_rows	
EQUAL	ISSX_AllotmentConfirmation_suite___expected_rows	
EQUAL	ISSX_Bookbuilding_suite___expected_rows	
EQUAL	ISSX_DealAnnouncement_suite___expected_rows	
EQUAL	ISSX_DealClosing_suite___expected_rows	
EQUAL	ISSX_DueDiligenceCall_suite___expected_rows	
EQUAL	ISSX_FreeToTradeItem_suite___expected_rows	
EQUAL	ISSX_InvestorEducation_suite___expected_rows	
EQUAL	ISSX_KickOffMeeting_suite___expected_rows	
EQUAL	ISSX_MandateAwarded_suite___expected_rows	
EQUAL	ISSX_OverAllotmentOption_suite___expected_rows	
EQUAL	ISSX_PriceGuidanceRevision_suite___expected_rows	
EQUAL	ISSX_PricingEvent_suite___expected_rows	
EQUAL	ISSX_RatingAgencyProcess_suite___expected_rows	
EQUAL	ISSX_RoadshowLeg_suite___expected_rows	
EQUAL	ISSX_StabilisationActivity_suite___expected_rows	
EQUAL	J0_TradeBookModelJoin_suite___expected_rows	
EQUAL	KYCX_AddressVerificationCheck_suite___expected_rows	
EQUAL	KYCX_AdverseMediaCheck_suite___expected_rows	
EQUAL	KYCX_All_suite___expected_rows	
EQUAL	KYCX_AppropriatenessAssessment_suite___expected_rows	
EQUAL	KYCX_BeneficialOwnershipCheck_suite___expected_rows	
EQUAL	KYCX_ClientCategorisationCheck_suite___expected_rows	
EQUAL	KYCX_CreditAssessmentCheck_suite___expected_rows	
EQUAL	KYCX_CrsClassificationCheck_suite___expected_rows	
EQUAL	KYCX_DocumentExpiryCheck_suite___expected_rows	
EQUAL	KYCX_EnhancedDueDiligenceCheck_suite___expected_rows	
EQUAL	KYCX_FatcaClassificationCheck_suite___expected_rows	
EQUAL	KYCX_IdentityVerificationCheck_suite___expected_rows	
EQUAL	KYCX_LeiValidationCheck_suite___expected_rows	
EQUAL	KYCX_OngoingMonitoringReview_suite___expected_rows	
EQUAL	KYCX_PepScreeningCheck_suite___expected_rows	
EQUAL	KYCX_PeriodicRefreshReview_suite___expected_rows	
EQUAL	KYCX_RegulatoryStatusCheck_suite___expected_rows	
EQUAL	KYCX_SanctionsScreeningCheck_suite___expected_rows	
EQUAL	KYCX_SourceOfFundsCheck_suite___expected_rows	
EQUAL	KYCX_SourceOfWealthCheck_suite___expected_rows	
EQUAL	KYCX_SuitabilityAssessment_suite___expected_rows	
EQUAL	KYCX_TaxResidencyCheck_suite___expected_rows	
EQUAL	KYCX_TransactionMonitoringAlert_suite___expected_rows	
VALUES	LE0_ExposureLines_suite___expected_rows	engine has ['[["cobDate", "2024-03-28"], ["counterpartyId", "CP-0003"], ["countryCode", "DE"], ["exposureClass", "CORPORATE"], ["grossExposure", 6900000000], ["groupId", "GRP-BETA"], ["headroomToLimit", -4.799999], ["isExempt", false], ["lineNumber", 2], ["mitigationRatio", 0.050724638], ["netExposure", 6550000000], ["netExposureGbp", 5174500000], ["pctOfCapital", 29.8], ["reportId", "LE-2024Q1-01"], ["reportedAt", "2024-03-28T18:30:00.000000000+0000"]]', '[["cobDate", "2024-06-28"], ["counterpartyId", "CP-0001"], ["countryCode", "US"], ["exposureClass", "INSTITUTION"], ["grossExposure", 4850000000], ["groupId", "GRP-ALPHA"], ["headroomToLimit", 6.6000004], ["isExempt", false], ["lineNumber", 1], ["mitigationRatio", 0.24742268], ["netExposure", 3650000000], ["netExposureGbp", 2883500000], ["pctOfCapital", 18.4], ["reportId", "LE-2024Q2-01"], ["reportedAt", "2024-06-28T18:30:00.000000000+0000"]]']; lite has ['[["cobDate", "2024-03-28"], ["counterpartyId", "CP-0003"], ["countryCode", "DE"], ["exposureClass", "CORPORATE"], ["grossExposure", 6900000000], ["groupId", "GRP-BETA"], ["headroomToLimit", -4.8], ["isExempt", false], ["lineNumber", 2], ["mitigationRatio", 0.050724638], ["netExposure", 6550000000], ["netExposureGbp", 5174500000], ["pctOfCapital", 29.8], ["reportId", "LE-2024Q1-01"], ["reportedAt", "2024-03-28T18:30:00.000000000+0000"]]', '[["cobDate", "2024-06-28"], ["counterpartyId", "CP-0001"], ["countryCode", "US"], ["exposureClass", "INSTITUTION"], ["grossExposure", 4850000000], ["groupId", "GRP-ALPHA"], ["headroomToLimit", 6.6], ["isExempt", false], ["lineNumber", 1], ["mitigationRatio", 0.24742268], ["netExposure", 3650000000], ["netExposureGbp", 2883500000], ["pctOfCapital", 18.4], ["reportId", "LE-2024Q2-01"], ["reportedAt", "2024-06-28T18:30:00.000000000+0000"]]']
EQUAL	LE1_BandedExposures_suite___expected_rows	
VALUES	LE2_ExemptionMatches_suite___expected_rows	engine has ['[["cobDate", "2024-03-28"], ["counterpartyId", "CP-0001"], ["countryCode", "US"], ["isExempt", false], ["lineNumber", 1], ["matchingRules", 1], ["reportId", "LE-2024Q1-01"]]', '[["cobDate", "2024-06-28"], ["counterpartyId", "CP-0001"], ["countryCode", "US"], ["isExempt", false], ["lineNumber", 1], ["matchingRules", 1], ["reportId", "LE-2024Q2-01"]]']; lite has ['[["cobDate", "2024-03-28"], ["counterpartyId", "CP-0001"], ["countryCode", "US"], ["isExempt", false], ["lineNumber", 1], ["matchingRules", 0], ["reportId", "LE-2024Q1-01"]]', '[["cobDate", "2024-06-28"], ["counterpartyId", "CP-0001"], ["countryCode", "US"], ["isExempt", false], ["lineNumber", 1], ["matchingRules", 0], ["reportId", "LE-2024Q2-01"]]']
EQUAL	LE3_ReportableLines_suite___expected_rows	
EQUAL	LE4_ReturnHeaders_suite___expected_rows	
EQUAL	LE5_ReturnTotals_suite___expected_rows	
EQUAL	LE6_ExemptionRules_suite___expected_rows	
EQUAL	LEDX_AccrualReversalEntry_suite___expected_rows	
EQUAL	LEDX_All_suite___expected_rows	
EQUAL	LEDX_CommissionEntry_suite___expected_rows	
EQUAL	LEDX_CouponEntry_suite___expected_rows	
EQUAL	LEDX_DividendEntry_suite___expected_rows	
EQUAL	LEDX_DividendPayableEntry_suite___expected_rows	
EQUAL	LEDX_FeeLedgerEntry_suite___expected_rows	
EQUAL	LEDX_FxRevaluationEntry_suite___expected_rows	
EQUAL	LEDX_FxTranslationEntry_suite___expected_rows	
EQUAL	LEDX_ImpairmentEntry_suite___expected_rows	
EQUAL	LEDX_InterestEntry_suite___expected_rows	
EQUAL	LEDX_LedgerAccrualEntry_suite___expected_rows	
EQUAL	LEDX_ManualAdjustmentEntry_suite___expected_rows	
EQUAL	LEDX_MarkToMarketEntry_suite___expected_rows	
EQUAL	LEDX_OpeningBalanceEntry_suite___expected_rows	
EQUAL	LEDX_ProvisionEntry_suite___expected_rows	
EQUAL	LEDX_RealisedPnlEntry_suite___expected_rows	
EQUAL	LEDX_ReclassificationEntry_suite___expected_rows	
EQUAL	LEDX_SettlementLedgerEntry_suite___expected_rows	
EQUAL	LEDX_SuspenseEntry_suite___expected_rows	
EQUAL	LEDX_TaxLedgerEntry_suite___expected_rows	
EQUAL	LEDX_TradeBookingEntry_suite___expected_rows	
EQUAL	LEDX_UnrealisedPnlEntry_suite___expected_rows	
EQUAL	LEDX_WriteOffEntry_suite___expected_rows	
EQUAL	LEDX_YearEndCloseEntry_suite___expected_rows	
EQUAL	LGLX_All_suite___expected_rows	
EQUAL	LGLX_ClearedDerivativesAddendum_suite___expected_rows	
EQUAL	LGLX_CloseOutAmountDetermination_suite___expected_rows	
EQUAL	LGLX_ConfidentialityAgreement_suite___expected_rows	
EQUAL	LGLX_DisputeResolutionProvision_suite___expected_rows	
EQUAL	LGLX_EnglishLawCreditSupportAnnex_suite___expected_rows	
EQUAL	LGLX_GiveUpAgreement_suite___expected_rows	
EQUAL	LGLX_GlobalMasterRepurchaseAgreement_suite___expected_rows	
EQUAL	LGLX_InitialMarginCreditSupportDeed_suite___expected_rows	
EQUAL	LGLX_IsdaMasterAgreement1992_suite___expected_rows	
EQUAL	LGLX_IsdaMasterAgreement2002_suite___expected_rows	
EQUAL	LGLX_LegalagreementsGlobalMasterSecuritiesLendingAgreement_suite___expected_rows	
EQUAL	LGLX_LegalagreementsNettingOpinion_suite___expected_rows	
EQUAL	LGLX_NewYorkLawCreditSupportAnnex_suite___expected_rows	
EQUAL	LGLX_PrimeBrokerageAgreement_suite___expected_rows	
EQUAL	LGLX_QualifyingMasterAgreement_suite___expected_rows	
EQUAL	LGLX_VariationMarginCsa_suite___expected_rows	
EQUAL	LIMX_All_suite___expected_rows	
EQUAL	LIMX_CapitalUsageLimit_suite___expected_rows	
EQUAL	LIMX_ConcentrationLimit_suite___expected_rows	
EQUAL	LIMX_CounterpartyCreditLimit_suite___expected_rows	
EQUAL	LIMX_CountryLimit_suite___expected_rows	
EQUAL	LIMX_Cs01Limit_suite___expected_rows	
EQUAL	LIMX_DrawdownLimit_suite___expected_rows	
EQUAL	LIMX_Dv01Limit_suite___expected_rows	
EQUAL	LIMX_GrossPositionLimit_suite___expected_rows	
EQUAL	LIMX_IntradayPositionLimit_suite___expected_rows	
EQUAL	LIMX_IssuerLimit_suite___expected_rows	
EQUAL	LIMX_LeverageLimit_suite___expected_rows	
EQUAL	LIMX_LiquidityLimit_suite___expected_rows	
EQUAL	LIMX_NetPositionLimit_suite___expected_rows	
EQUAL	LIMX_NotionalLimit_suite___expected_rows	
EQUAL	LIMX_OvernightPositionLimit_suite___expected_rows	
EQUAL	LIMX_SectorLimit_suite___expected_rows	
EQUAL	LIMX_SettlementLimit_suite___expected_rows	
EQUAL	LIMX_StopLossLimit_suite___expected_rows	
EQUAL	LIMX_StressLimit_suite___expected_rows	
EQUAL	LIMX_TenorLimit_suite___expected_rows	
EQUAL	LIMX_VarLimit_suite___expected_rows	
EQUAL	LIMX_VegaLimit_suite___expected_rows	
EQUAL	LIQX_All_suite___expected_rows	
EQUAL	LIQX_AssetEncumbranceMetric_suite___expected_rows	
EQUAL	LIQX_BidAskCostMetric_suite___expected_rows	
EQUAL	LIQX_CashLadderMetric_suite___expected_rows	
EQUAL	LIQX_CollateralOutflowMetric_suite___expected_rows	
EQUAL	LIQX_ContingentOutflowMetric_suite___expected_rows	
EQUAL	LIQX_DepositStickinessMetric_suite___expected_rows	
EQUAL	LIQX_FundingConcentrationMetric_suite___expected_rows	
EQUAL	LIQX_FxLiquidityGapMetric_suite___expected_rows	
EQUAL	LIQX_HqlaBufferMetric_suite___expected_rows	
EQUAL	LIQX_IntradayLiquidityMetric_suite___expected_rows	
EQUAL	LIQX_LiquidityAdjustedVarMetric_suite___expected_rows	
EQUAL	LIQX_LiquidityCoverageRatioMetric_suite___expected_rows	
EQUAL	LIQX_MaturityMismatchMetric_suite___expected_rows	
EQUAL	LIQX_NetStableFundingRatioMetric_suite___expected_rows	
EQUAL	LIQX_SecuredFundingMetric_suite___expected_rows	
EQUAL	LIQX_StressOutflowMetric_suite___expected_rows	
EQUAL	LIQX_SurvivalHorizonMetric_suite___expected_rows	
EQUAL	LIQX_WholesaleFundingMetric_suite___expected_rows	
EQUAL	LITX_All_suite___expected_rows	
EQUAL	LITX_AppealPending_suite___expected_rows	
EQUAL	LITX_ArbitrationProceeding_suite___expected_rows	
EQUAL	LITX_ClassActionClaim_suite___expected_rows	
EQUAL	LITX_ContingentLiabilityItem_suite___expected_rows	
EQUAL	LITX_CustomerRedressScheme_suite___expected_rows	
EQUAL	LITX_DeferredProsecutionAgreement_suite___expected_rows	
EQUAL	LITX_EnforcementAction_suite___expected_rows	
EQUAL	LITX_IndependentMonitor_suite___expected_rows	
EQUAL	LITX_IndividualClaim_suite___expected_rows	
EQUAL	LITX_InsuranceRecoveryItem_suite___expected_rows	
EQUAL	LITX_LegalProvisionItem_suite___expected_rows	
EQUAL	LITX_RegulatoryFine_suite___expected_rows	
EQUAL	LITX_RegulatoryInvestigation_suite___expected_rows	
EQUAL	LITX_RegulatoryUndertaking_suite___expected_rows	
EQUAL	LITX_SettlementAgreement_suite___expected_rows	
EQUAL	LITX_SkilledPersonReview_suite___expected_rows	
EQUAL	M0_TradeRelational_suite___expected_rows	
ENGINE-ONLY	M1_TradeCanonical_suite___expected_rows	
ENGINE-ONLY	M2_CanonicalWithEnum_suite___expected_rows	
EQUAL	MD0_SeriesCatalogue_suite___expected_rows	
EQUAL	MD1_ObservationHistory_suite___expected_rows	
EQUAL	MD2_SeriesStatistics_suite___expected_rows	
EQUAL	MD3_UnrevisedPrints_suite___expected_rows	
EQUAL	MD4_RevisionAsOf_suite___expected_rows	
EQUAL	MD5_RevisionAsOf_suite___expected_rows	
EQUAL	MD6_RevisionAsOf_suite___expected_rows	
LITE-ONLY	MD7_UnrevisedPrintsEq_suite___expected_rows	
EQUAL	MDEX_All_suite___expected_rows	
EQUAL	MDEX_AuctionExtensionEvent_suite___expected_rows	
EQUAL	MDEX_CalculationAgentDetermination_suite___expected_rows	
EQUAL	MDEX_ChangeInLawEvent_suite___expected_rows	
EQUAL	MDEX_DelistingDisruption_suite___expected_rows	
EQUAL	MDEX_EarlyClosureEvent_suite___expected_rows	
EQUAL	MDEX_ExchangeTradingHalt_suite___expected_rows	
EQUAL	MDEX_HedgingDisruption_suite___expected_rows	
EQUAL	MDEX_InconvertibilityEvent_suite___expected_rows	
EQUAL	MDEX_IncreasedCostOfHedging_suite___expected_rows	
EQUAL	MDEX_InsolvencyFilingEvent_suite___expected_rows	
EQUAL	MDEX_LimitUpLimitDownEvent_suite___expected_rows	
EQUAL	MDEX_MergerDisruptionEvent_suite___expected_rows	
EQUAL	MDEX_NationalisationEvent_suite___expected_rows	
EQUAL	MDEX_NonTransferabilityEvent_suite___expected_rows	
EQUAL	MDEX_PriceSourceDisruption_suite___expected_rows	
EQUAL	MDEX_TenderOfferDisruption_suite___expected_rows	
EQUAL	MDLX_AcceptedModelLimitation_suite___expected_rows	
EQUAL	MDLX_All_suite___expected_rows	
EQUAL	MDLX_AmlDetectionModel_suite___expected_rows	
EQUAL	MDLX_BenchmarkChallengerModel_suite___expected_rows	
EQUAL	MDLX_CreditScorecard_suite___expected_rows	
EQUAL	MDLX_DeprecatedModel_suite___expected_rows	
EQUAL	MDLX_ExecutionAlgorithm_suite___expected_rows	
EQUAL	MDLX_ExpectedCreditLossModel_suite___expected_rows	
EQUAL	MDLX_FraudDetectionModel_suite___expected_rows	
EQUAL	MDLX_MachineLearningModel_suite___expected_rows	
EQUAL	MDLX_PricingModel_suite___expected_rows	
EQUAL	MDLX_RegulatoryCapitalModel_suite___expected_rows	
EQUAL	MDLX_RiskMeasurementModel_suite___expected_rows	
EQUAL	MDLX_TierOneMaterialModel_suite___expected_rows	
EQUAL	MDLX_TierThreeLowMaterialityModel_suite___expected_rows	
EQUAL	MDLX_ValidationFinding_suite___expected_rows	
EQUAL	MDLX_VendorSuppliedModel_suite___expected_rows	
EQUAL	MGNX_All_suite___expected_rows	
EQUAL	MGNX_CollateralReturnCall_suite___expected_rows	
EQUAL	MGNX_CollateralSubstitutionCall_suite___expected_rows	
EQUAL	MGNX_ConcentrationMarginCall_suite___expected_rows	
EQUAL	MGNX_HaircutAdjustmentCall_suite___expected_rows	
EQUAL	MGNX_IndependentAmountCall_suite___expected_rows	
EQUAL	MGNX_InitialMarginCall_suite___expected_rows	
EQUAL	MGNX_IntradayMarginCall_suite___expected_rows	
EQUAL	MGNX_LiquidityAddOnCall_suite___expected_rows	
EQUAL	MGNX_MarginDisputeItem_suite___expected_rows	
EQUAL	MGNX_MarginInterestCall_suite___expected_rows	
EQUAL	MGNX_MargincallsDefaultFundContribution_suite___expected_rows	
EQUAL	MGNX_MinimumTransferAmountCall_suite___expected_rows	
EQUAL	MGNX_ThresholdCall_suite___expected_rows	
EQUAL	MGNX_UnclearedMarginRuleCall_suite___expected_rows	
EQUAL	MGNX_VariationMarginCall_suite___expected_rows	
EQUAL	MGNX_WrongWayRiskAddOn_suite___expected_rows	
EQUAL	MKTX_All_suite___expected_rows	
EQUAL	MKTX_AskPriceMark_suite___expected_rows	
EQUAL	MKTX_BasisSpreadMark_suite___expected_rows	
EQUAL	MKTX_BidPriceMark_suite___expected_rows	
EQUAL	MKTX_BorrowRateMark_suite___expected_rows	
EQUAL	MKTX_CdsSpreadMark_suite___expected_rows	
EQUAL	MKTX_ClosingPriceMark_suite___expected_rows	
EQUAL	MKTX_CommodityCurvePoint_suite___expected_rows	
EQUAL	MKTX_CorrelationMark_suite___expected_rows	
EQUAL	MKTX_CreditCurvePoint_suite___expected_rows	
EQUAL	MKTX_DividendForecastMark_suite___expected_rows	
EQUAL	MKTX_FixingRateMark_suite___expected_rows	
EQUAL	MKTX_FxForwardPoint_suite___expected_rows	
EQUAL	MKTX_FxSpotRate_suite___expected_rows	
EQUAL	MKTX_IndexLevelMark_suite___expected_rows	
EQUAL	MKTX_InflationIndexMark_suite___expected_rows	
EQUAL	MKTX_MidPriceMark_suite___expected_rows	
EQUAL	MKTX_RecoveryRateMark_suite___expected_rows	
EQUAL	MKTX_SpotPriceMark_suite___expected_rows	
EQUAL	MKTX_SwapRateMark_suite___expected_rows	
EQUAL	MKTX_VolSurfacePoint_suite___expected_rows	
EQUAL	MKTX_VolatilityIndexMark_suite___expected_rows	
EQUAL	MKTX_YieldCurvePoint_suite___expected_rows	
EQUAL	MMKX_All_suite___expected_rows	
EQUAL	MMKX_AuctionParticipationObligation_suite___expected_rows	
EQUAL	MMKX_ContinuousQuotingObligation_suite___expected_rows	
EQUAL	MMKX_DeferredPublicationItem_suite___expected_rows	
EQUAL	MMKX_DesignatedMarketMaker_suite___expected_rows	
EQUAL	MMKX_ExceptionalCircumstancesRelief_suite___expected_rows	
EQUAL	MMKX_MarketMakerShortExemption_suite___expected_rows	
EQUAL	MMKX_MaximumSpreadObligation_suite___expected_rows	
EQUAL	MMKX_MinimumQuoteSize_suite___expected_rows	
EQUAL	MMKX_ObligationPerformanceMeasure_suite___expected_rows	
EQUAL	MMKX_OrderToTradeRatio_suite___expected_rows	
EQUAL	MMKX_PreTradeTransparencyWaiver_suite___expected_rows	
EQUAL	MMKX_QuoteUpdateRateLimit_suite___expected_rows	
EQUAL	MMKX_RegisteredLiquidityProvider_suite___expected_rows	
EQUAL	MMKX_RequestForQuoteResponse_suite___expected_rows	
EQUAL	MMKX_StressedMarketRelief_suite___expected_rows	
EQUAL	MMKX_SystematicInternaliserQuote_suite___expected_rows	
EQUAL	MO0_LifecycleBlotter_suite___expected_rows	
EQUAL	MO1_RateResets_suite___expected_rows	
VALUES	MO2_Confirmations_suite___expected_rows	engine has ['[["chaseCount", 5], ["confirmationId", "CNF-00005"], ["counterpartyId", "CP-0005"], ["hoursToMatch", 164], ["method", "EMAIL"], ["platform", null], ["status", "MATCHED"]]']; lite has ['[["chaseCount", 5], ["confirmationId", "CNF-00005"], ["counterpartyId", "CP-0005"], ["hoursToMatch", 163], ["method", "EMAIL"], ["platform", null], ["status", "MATCHED"]]']
EQUAL	MO3_BreakAgeing_suite___expected_rows	
EQUAL	MO4_BreaksBySeverity_suite___expected_rows	
EQUAL	MO5_CleanTrades_suite___expected_rows	
EQUAL	MR0_RunSummary_suite___expected_rows	
EQUAL	MR1_FirmVar_suite___expected_rows	
EQUAL	MR2_HistoricalVar_suite___expected_rows	
EQUAL	MR3_SensitivityLadder_suite___expected_rows	
EQUAL	MR4_Dv01ByTenor_suite___expected_rows	
EQUAL	MR5_StressResults_suite___expected_rows	
EQUAL	MSGX_All_suite___expected_rows	
EQUAL	MSGX_Camt053Message_suite___expected_rows	
EQUAL	MSGX_Camt054Message_suite___expected_rows	
EQUAL	MSGX_FixExecutionReport_suite___expected_rows	
EQUAL	MSGX_FixNewOrderSingle_suite___expected_rows	
EQUAL	MSGX_FixOrderCancelRequest_suite___expected_rows	
EQUAL	MSGX_FixmlAllocationMessage_suite___expected_rows	
EQUAL	MSGX_FpmlTradeMessage_suite___expected_rows	
EQUAL	MSGX_Pacs008Message_suite___expected_rows	
EQUAL	MSGX_Pacs009Message_suite___expected_rows	
EQUAL	MSGX_SwiftMt103_suite___expected_rows	
EQUAL	MSGX_SwiftMt202Cov_suite___expected_rows	
EQUAL	MSGX_SwiftMt202_suite___expected_rows	
EQUAL	MSGX_SwiftMt300_suite___expected_rows	
EQUAL	MSGX_SwiftMt320_suite___expected_rows	
EQUAL	MSGX_SwiftMt535_suite___expected_rows	
EQUAL	MSGX_SwiftMt536_suite___expected_rows	
EQUAL	MSGX_SwiftMt540_suite___expected_rows	
EQUAL	MSGX_SwiftMt541_suite___expected_rows	
EQUAL	MSGX_SwiftMt542_suite___expected_rows	
EQUAL	MSGX_SwiftMt543_suite___expected_rows	
EQUAL	MSGX_SwiftMt548_suite___expected_rows	
EQUAL	MSGX_SwiftMt950_suite___expected_rows	
ENGINE-ONLY	MU0_MonetaryTrade_suite___expected_rows	
EQUAL	N0_TradeCanonical_suite___expected_rows	
EQUAL	N1_TradeFlat_suite___expected_rows	
EQUAL	N2_TradeEmbeddedFlat_suite___expected_rows	
EQUAL	N3_TradeInlineFlat_suite___expected_rows	
ENGINE-ONLY	N4_TradeMultiExecution_suite___expected_rows_canonical__canonical_	
ENGINE-ONLY	N4_TradeMultiExecution_suite___expected_rows_flat__flat_	
EQUAL	NETX_All_suite___expected_rows	
EQUAL	NETX_BilateralNettingSet_suite___expected_rows	
EQUAL	NETX_ClearedNettingSet_suite___expected_rows	
EQUAL	NETX_CloseOutNettingItem_suite___expected_rows	
EQUAL	NETX_CollateralisedNettingSet_suite___expected_rows	
EQUAL	NETX_CrossProductNettingSet_suite___expected_rows	
EQUAL	NETX_DisputedNettingSet_suite___expected_rows	
EQUAL	NETX_IndependentAmountSet_suite___expected_rows	
EQUAL	NETX_MarginedNettingSet_suite___expected_rows	
EQUAL	NETX_MultiBranchNettingSet_suite___expected_rows	
EQUAL	NETX_OneWayCsaSet_suite___expected_rows	
EQUAL	NETX_SetOffRight_suite___expected_rows	
EQUAL	NETX_StaleAgreementItem_suite___expected_rows	
EQUAL	NETX_SubNettingSet_suite___expected_rows	
EQUAL	NETX_ThresholdNettingSet_suite___expected_rows	
EQUAL	NETX_UnmarginedNettingSet_suite___expected_rows	
EQUAL	NETX_UnopinionedJurisdiction_suite___expected_rows	
EQUAL	O1_CounterpartyOtherwise_suite___expected_rows	
EQUAL	OHTX_All_suite___expected_rows	
EQUAL	OHTX_ClosingAuctionOrder_suite___expected_rows	
EQUAL	OHTX_ConditionalOrder_suite___expected_rows	
EQUAL	OHTX_ImplementationShortfallOrder_suite___expected_rows	
EQUAL	OHTX_OrdertypesFillOrKillOrder_suite___expected_rows	
EQUAL	OHTX_OrdertypesGoodTillCancelledOrder_suite___expected_rows	
EQUAL	OHTX_OrdertypesIcebergOrder_suite___expected_rows	
EQUAL	OHTX_OrdertypesImmediateOrCancelOrder_suite___expected_rows	
EQUAL	OHTX_OrdertypesLimitOrder_suite___expected_rows	
EQUAL	OHTX_OrdertypesMarketOrder_suite___expected_rows	
EQUAL	OHTX_OrdertypesMidpointPegOrder_suite___expected_rows	
EQUAL	OHTX_OrdertypesStopLimitOrder_suite___expected_rows	
EQUAL	OHTX_ParticipationRateOrder_suite___expected_rows	
EQUAL	OHTX_PrimaryPegOrder_suite___expected_rows	
EQUAL	OHTX_StopMarketOrder_suite___expected_rows	
EQUAL	OHTX_TwapAlgorithmOrder_suite___expected_rows	
EQUAL	OHTX_VwapAlgorithmOrder_suite___expected_rows	
EQUAL	OT0_TradeBook_suite___expected_rows	
EQUAL	OT1_SwapLegs_suite___expected_rows	
EQUAL	OT2_NotionalByAssetClass_suite___expected_rows	
EQUAL	OT3_InterestRateSwaps_suite___expected_rows	
EQUAL	OT4_CreditProtection_suite___expected_rows	
EQUAL	OT5_UncollateralisedTrades_suite___expected_rows	
EQUAL	OUTX_All_suite___expected_rows	
EQUAL	OUTX_CloudInfrastructureService_suite___expected_rows	
EQUAL	OUTX_CloudSoftwareService_suite___expected_rows	
EQUAL	OUTX_ConcentrationRiskAssessment_suite___expected_rows	
EQUAL	OUTX_ContractualAuditRight_suite___expected_rows	
EQUAL	OUTX_CriticalOutsourcing_suite___expected_rows	
EQUAL	OUTX_IntragroupOutsourcing_suite___expected_rows	
EQUAL	OUTX_NonCriticalOutsourcing_suite___expected_rows	
EQUAL	OUTX_OffshoreServiceLocation_suite___expected_rows	
EQUAL	OUTX_OngoingProviderMonitoring_suite___expected_rows	
EQUAL	OUTX_OutsourcingExitPlan_suite___expected_rows	
EQUAL	OUTX_OutsourcingRegisterEntry_suite___expected_rows	
EQUAL	OUTX_PreContractDueDiligence_suite___expected_rows	
EQUAL	OUTX_ProviderIncidentNotification_suite___expected_rows	
EQUAL	OUTX_ServiceLevelAgreement_suite___expected_rows	
EQUAL	OUTX_SubOutsourcingChain_suite___expected_rows	
EQUAL	OUTX_TerminationTrigger_suite___expected_rows	
EQUAL	PEIX_AccrualPosting_suite___expected_rows	
EQUAL	PEIX_All_suite___expected_rows	
EQUAL	PEIX_AuditSampleRequest_suite___expected_rows	
EQUAL	PEIX_BonusAccrualTask_suite___expected_rows	
EQUAL	PEIX_ConsolidationRun_suite___expected_rows	
EQUAL	PEIX_DisclosurePackPreparation_suite___expected_rows	
EQUAL	PEIX_FxRevaluationRun_suite___expected_rows	
EQUAL	PEIX_GoingConcernAssessment_suite___expected_rows	
EQUAL	PEIX_HardCloseTask_suite___expected_rows	
EQUAL	PEIX_ImpairmentReviewTask_suite___expected_rows	
EQUAL	PEIX_IndependentPriceVerificationRun_suite___expected_rows	
EQUAL	PEIX_IntercompanyElimination_suite___expected_rows	
EQUAL	PEIX_PrepaymentRelease_suite___expected_rows	
EQUAL	PEIX_RegulatoryReturnSubmission_suite___expected_rows	
EQUAL	PEIX_ReserveCalculationTask_suite___expected_rows	
EQUAL	PEIX_SoftCloseTask_suite___expected_rows	
EQUAL	PEIX_TaxProvisionCalculation_suite___expected_rows	
EQUAL	PENX_AccountingLiabilityItem_suite___expected_rows	
EQUAL	PENX_All_suite___expected_rows	
EQUAL	PENX_BuyInPolicy_suite___expected_rows	
EQUAL	PENX_BuyOutPolicy_suite___expected_rows	
EQUAL	PENX_CashEquivalentTransferValue_suite___expected_rows	
EQUAL	PENX_DeficitRepairContribution_suite___expected_rows	
EQUAL	PENX_DefinedBenefitLiability_suite___expected_rows	
EQUAL	PENX_DefinedContributionPot_suite___expected_rows	
EQUAL	PENX_IlliquidAssetAllocation_suite___expected_rows	
EQUAL	PENX_InflationHedgePosition_suite___expected_rows	
EQUAL	PENX_LeveragedGiltPosition_suite___expected_rows	
EQUAL	PENX_LongevityHedgeItem_suite___expected_rows	
EQUAL	PENX_ProtectionFundLevy_suite___expected_rows	
EQUAL	PENX_SelfSufficiencyTarget_suite___expected_rows	
EQUAL	PENX_SponsorCovenantItem_suite___expected_rows	
EQUAL	PENX_SwapOverlayPosition_suite___expected_rows	
EQUAL	PENX_TechnicalProvisionsItem_suite___expected_rows	
EQUAL	PFX_All_suite___expected_rows	
EQUAL	PFX_BankingBookPortfolio_suite___expected_rows	
EQUAL	PFX_FundOfFundsPortfolio_suite___expected_rows	
EQUAL	PFX_HedgePortfolio_suite___expected_rows	
EQUAL	PFX_IndexTrackerPortfolio_suite___expected_rows	
EQUAL	PFX_LiabilityDrivenPortfolio_suite___expected_rows	
EQUAL	PFX_MoneyMarketPortfolio_suite___expected_rows	
EQUAL	PFX_MultiAssetPortfolio_suite___expected_rows	
EQUAL	PFX_OverlayPortfolio_suite___expected_rows	
EQUAL	PFX_PooledFundPortfolio_suite___expected_rows	
EQUAL	PFX_PortfoliosAlternativeInvestmentFund_suite___expected_rows	
EQUAL	PFX_PrivateMarketsPortfolio_suite___expected_rows	
EQUAL	PFX_ProprietaryBookPortfolio_suite___expected_rows	
EQUAL	PFX_SeedCapitalPortfolio_suite___expected_rows	
EQUAL	PFX_SegregatedMandatePortfolio_suite___expected_rows	
EQUAL	PFX_SmartBetaPortfolio_suite___expected_rows	
EQUAL	PFX_SustainablePortfolio_suite___expected_rows	
EQUAL	PFX_TradingBookPortfolio_suite___expected_rows	
EQUAL	PFX_UcitsPortfolio_suite___expected_rows	
EQUAL	PL0_TenorLadder_suite___expected_rows	
EQUAL	PL10_FeeScheduleTenorBand_suite___expected_rows	
EQUAL	PL11_FeeScheduleGrossFee_suite___expected_rows	
EQUAL	PL12_InstrumentTypeCensus_suite___expected_rows	
EQUAL	PL13_ConvertibleBondTerms_suite___expected_rows	
EQUAL	PL14_CallOptionStrikes_suite___expected_rows	
EQUAL	PL15_HolidayCountView_suite___expected_rows	
EQUAL	PL16_SettlementCycleChain_suite___expected_rows	
EQUAL	PL17_UnitConversionPair_suite___expected_rows	
EQUAL	PL18_UnitLabels_suite___expected_rows	
EQUAL	PL19_AccountEmbeddedAndKeys_suite___expected_rows	
EQUAL	PL1_BucketLadder_suite___expected_rows	
EQUAL	PL20_MandateHolder_suite___expected_rows	
EQUAL	PL21_CityRegionChain_suite___expected_rows	
EQUAL	PL22_BlocMembership_suite___expected_rows	
EQUAL	PL23_ConstituentTwoParents_suite___expected_rows	
EQUAL	PL24_CountryWeightView_suite___expected_rows	
EQUAL	PL2_PillarTenorBand_suite___expected_rows	
EQUAL	PL4_PillarsPerBand_suite___expected_rows	
SPELLING	PL5_ConvertedNotional_suite___expected_rows	
EQUAL	PL6_RatingsAsOf_suite___expected_rows	
EQUAL	PL7_RatingsAsOf_suite___expected_rows	
EQUAL	PL8_RatingsAsOf_suite___expected_rows	
EQUAL	PL9_CounterpartyRatingCount_suite___expected_rows	
EQUAL	PMTX_AchCreditTransfer_suite___expected_rows	
EQUAL	PMTX_AchDirectDebit_suite___expected_rows	
EQUAL	PMTX_All_suite___expected_rows	
EQUAL	PMTX_CardSettlementItem_suite___expected_rows	
EQUAL	PMTX_CheckClearingItem_suite___expected_rows	
EQUAL	PMTX_CorrespondentWire_suite___expected_rows	
EQUAL	PMTX_DeliveryVersusPayment_suite___expected_rows	
EQUAL	PMTX_FasterPayment_suite___expected_rows	
EQUAL	PMTX_PaymentInvestigation_suite___expected_rows	
EQUAL	PMTX_PaymentRecallRequest_suite___expected_rows	
EQUAL	PMTX_PaymentVersusPayment_suite___expected_rows	
EQUAL	PMTX_PaymenttypesBookTransfer_suite___expected_rows	
EQUAL	PMTX_ReturnedPayment_suite___expected_rows	
EQUAL	PMTX_RtgsPayment_suite___expected_rows	
EQUAL	PMTX_SepaCreditTransfer_suite___expected_rows	
EQUAL	PMTX_SepaInstantPayment_suite___expected_rows	
EQUAL	PMTX_StandingOrderItem_suite___expected_rows	
EQUAL	PNLX_All_suite___expected_rows	
EQUAL	PNLX_AmendedTradePnl_suite___expected_rows	
EQUAL	PNLX_CarryPnl_suite___expected_rows	
EQUAL	PNLX_CrossGammaPnl_suite___expected_rows	
EQUAL	PNLX_DeltaPnl_suite___expected_rows	
EQUAL	PNLX_FundingPnl_suite___expected_rows	
EQUAL	PNLX_FxTranslationPnl_suite___expected_rows	
EQUAL	PNLX_GammaPnl_suite___expected_rows	
EQUAL	PNLX_HypotheticalPnl_suite___expected_rows	
EQUAL	PNLX_ModelChangePnl_suite___expected_rows	
EQUAL	PNLX_NewTradePnl_suite___expected_rows	
EQUAL	PNLX_ReserveMovementPnl_suite___expected_rows	
EQUAL	PNLX_RhoPnl_suite___expected_rows	
EQUAL	PNLX_RiskTheoreticalPnl_suite___expected_rows	
EQUAL	PNLX_ThetaPnl_suite___expected_rows	
EQUAL	PNLX_UnexplainedPnl_suite___expected_rows	
EQUAL	PNLX_VegaPnl_suite___expected_rows	
EQUAL	PROX_All_suite___expected_rows	
EQUAL	PROX_BaseProspectus_suite___expected_rows	
EQUAL	PROX_FinalTerms_suite___expected_rows	
EQUAL	PROX_GreenBondFramework_suite___expected_rows	
EQUAL	PROX_IncorporationByReference_suite___expected_rows	
EQUAL	PROX_ListingParticulars_suite___expected_rows	
EQUAL	PROX_PricingSupplement_suite___expected_rows	
EQUAL	PROX_ProspectusKeyInformationDocument_suite___expected_rows	
EQUAL	PROX_ProspectusSummary_suite___expected_rows	
EQUAL	PROX_ProspectusSupplement_suite___expected_rows	
EQUAL	PROX_RiskFactorsSection_suite___expected_rows	
EQUAL	PROX_SellingRestrictions_suite___expected_rows	
EQUAL	PROX_SubscriptionAgreement_suite___expected_rows	
EQUAL	PROX_TaxationSection_suite___expected_rows	
EQUAL	PROX_TermsAndConditions_suite___expected_rows	
EQUAL	PROX_UseOfProceedsSection_suite___expected_rows	
EQUAL	PROX_WithdrawalRightItem_suite___expected_rows	
EQUAL	PRXX_All_suite___expected_rows	
EQUAL	PRXX_ArticlesAmendment_suite___expected_rows	
EQUAL	PRXX_AuditorAppointment_suite___expected_rows	
EQUAL	PRXX_BeneficialOwnerDisclosure_suite___expected_rows	
EQUAL	PRXX_BuybackAuthority_suite___expected_rows	
EQUAL	PRXX_ClimateResolution_suite___expected_rows	
EQUAL	PRXX_DirectorElection_suite___expected_rows	
EQUAL	PRXX_MergerApproval_suite___expected_rows	
EQUAL	PRXX_PowerOfAttorneyRequirement_suite___expected_rows	
EQUAL	PRXX_RecordedAbstention_suite___expected_rows	
EQUAL	PRXX_RemunerationReport_suite___expected_rows	
EQUAL	PRXX_SayOnPayResolution_suite___expected_rows	
EQUAL	PRXX_ShareBlockingMarket_suite___expected_rows	
EQUAL	PRXX_ShareIssuanceAuthority_suite___expected_rows	
EQUAL	PRXX_ShareholderProposal_suite___expected_rows	
EQUAL	PRXX_SplitVoteInstruction_suite___expected_rows	
EQUAL	PRXX_VoteConfirmationItem_suite___expected_rows	
EQUAL	Q0_TradeInstrSectorCptyTraderBook_suite___expected_rows	
EQUAL	Q10_TradeFilterSortLimit_suite___expected_rows	
EQUAL	Q11_TradeMonster9Joins_suite___expected_rows	
EQUAL	Q1_TradeBookDeskInstrTrader_suite___expected_rows	
EQUAL	Q2_PnLBookDeskTrader_suite___expected_rows	
EQUAL	Q3_SettlementTradeInstrCptyCountry_suite___expected_rows	
EQUAL	Q4_ConfirmTradeInstrSector_suite___expected_rows	
EQUAL	Q5_SalesCreditTradeBookDesk_suite___expected_rows	
EQUAL	Q6_GreeksPositionInstr_suite___expected_rows	
EQUAL	Q7_TradeReportTradeInstrBookCpty_suite___expected_rows	
EQUAL	Q8_CollateralCptyCountry_suite___expected_rows	
EQUAL	Q9_PositionInstrSectorCurrency_suite___expected_rows	
EQUAL	RAPX_All_suite___expected_rows	
EQUAL	RAPX_AppetiteBreachEscalation_suite___expected_rows	
EQUAL	RAPX_CommonEquityRatioTarget_suite___expected_rows	
EQUAL	RAPX_ConductRiskTolerance_suite___expected_rows	
EQUAL	RAPX_CountryRiskLimit_suite___expected_rows	
EQUAL	RAPX_EarlyWarningIndicator_suite___expected_rows	
EQUAL	RAPX_EarningsVolatilityTolerance_suite___expected_rows	
EQUAL	RAPX_ImpactToleranceThreshold_suite___expected_rows	
EQUAL	RAPX_LeverageRatioTarget_suite___expected_rows	
EQUAL	RAPX_LiquidityCoverageTarget_suite___expected_rows	
EQUAL	RAPX_OperationalLossTolerance_suite___expected_rows	
EQUAL	RAPX_SectorConcentrationLimit_suite___expected_rows	
EQUAL	RAPX_SingleNameConcentrationLimit_suite___expected_rows	
EQUAL	RAPX_StableFundingTarget_suite___expected_rows	
EQUAL	RAPX_StressLossLimit_suite___expected_rows	
EQUAL	RAPX_TargetCreditRating_suite___expected_rows	
EQUAL	RAPX_ValueAtRiskLimit_suite___expected_rows	
EQUAL	RATX_All_suite___expected_rows	
EQUAL	RATX_DefaultRating_suite___expected_rows	
EQUAL	RATX_EcaiMappingItem_suite___expected_rows	
EQUAL	RATX_ExternalLongTermRating_suite___expected_rows	
EQUAL	RATX_ExternalShortTermRating_suite___expected_rows	
EQUAL	RATX_InternalLossGivenDefaultGrade_suite___expected_rows	
EQUAL	RATX_InternalProbabilityOfDefaultGrade_suite___expected_rows	
EQUAL	RATX_IssueRating_suite___expected_rows	
EQUAL	RATX_IssuerRating_suite___expected_rows	
EQUAL	RATX_NegativeWatch_suite___expected_rows	
EQUAL	RATX_PositiveOutlook_suite___expected_rows	
EQUAL	RATX_RecoveryRating_suite___expected_rows	
EQUAL	RATX_ShadowRating_suite___expected_rows	
EQUAL	RATX_SovereignCeilingRating_suite___expected_rows	
EQUAL	RATX_SupervisorySlottingCategory_suite___expected_rows	
EQUAL	RATX_UnsolicitedRating_suite___expected_rows	
EQUAL	RATX_WithdrawnRating_suite___expected_rows	
EQUAL	RCNX_AgedBreakItem_suite___expected_rows	
EQUAL	RCNX_All_suite___expected_rows	
EQUAL	RCNX_AutoMatchedItem_suite___expected_rows	
EQUAL	RCNX_CashLedgerReconciliation_suite___expected_rows	
EQUAL	RCNX_ClientAssetReconciliation_suite___expected_rows	
EQUAL	RCNX_ClientMoneyReconciliation_suite___expected_rows	
EQUAL	RCNX_CollateralReconciliation_suite___expected_rows	
EQUAL	RCNX_DepotReconciliation_suite___expected_rows	
EQUAL	RCNX_IntercompanyReconciliation_suite___expected_rows	
EQUAL	RCNX_NostroReconciliation_suite___expected_rows	
EQUAL	RCNX_PermanentDifferenceItem_suite___expected_rows	
EQUAL	RCNX_PositionReconciliation_suite___expected_rows	
EQUAL	RCNX_RecontypesPortfolioReconciliation_suite___expected_rows	
EQUAL	RCNX_SuspenseAccountItem_suite___expected_rows	
EQUAL	RCNX_TimingDifferenceItem_suite___expected_rows	
EQUAL	RCNX_TradeReconciliation_suite___expected_rows	
EQUAL	RCNX_ValuationReconciliation_suite___expected_rows	
EQUAL	REAX_AirportConcession_suite___expected_rows	
EQUAL	REAX_All_suite___expected_rows	
EQUAL	REAX_AppraisalLagItem_suite___expected_rows	
EQUAL	REAX_CoreOfficeProperty_suite___expected_rows	
EQUAL	REAX_DataCentreAsset_suite___expected_rows	
EQUAL	REAX_DevelopmentSite_suite___expected_rows	
EQUAL	REAX_FarmlandAsset_suite___expected_rows	
EQUAL	REAX_GroundLeaseInterest_suite___expected_rows	
EQUAL	REAX_LogisticsWarehouse_suite___expected_rows	
EQUAL	REAX_ResidentialBlock_suite___expected_rows	
EQUAL	REAX_RetailParkProperty_suite___expected_rows	
EQUAL	REAX_SocialInfrastructureAsset_suite___expected_rows	
EQUAL	REAX_SolarFarmAsset_suite___expected_rows	
EQUAL	REAX_StudentHousing_suite___expected_rows	
EQUAL	REAX_TimberlandAsset_suite___expected_rows	
EQUAL	REAX_TollRoadConcession_suite___expected_rows	
EQUAL	REAX_WindFarmAsset_suite___expected_rows	
VALUES	REGX_All_suite___expected_rows	engine has ['[["ackHours", -3], ["authority", "ESMA"], ["recordCount", 2329], ["rejectionReason", null], ["reportType", "LIQUIDITY_COVERAGE"], ["submissionId", "REG-00017"]]']; lite has ['[["ackHours", -2], ["authority", "ESMA"], ["recordCount", 2329], ["rejectionReason", null], ["reportType", "LIQUIDITY_COVERAGE"], ["submissionId", "REG-00017"]]']
EQUAL	REGX_AsicDerivativeReport_suite___expected_rows	
EQUAL	REGX_CanadianTradeRepositoryReport_suite___expected_rows	
EQUAL	REGX_CftcLargeTraderReport_suite___expected_rows	
EQUAL	REGX_CvaCapitalReport_suite___expected_rows	
EQUAL	REGX_DoddFrankRealTimeReport_suite___expected_rows	
EQUAL	REGX_DoddFrankSdrReport_suite___expected_rows	
EQUAL	REGX_EmirTradeReport_suite___expected_rows	
EQUAL	REGX_EmirValuationReport_suite___expected_rows	
EQUAL	REGX_FrtbMarketRiskReport_suite___expected_rows	
EQUAL	REGX_HkmaOtcReport_suite___expected_rows	
EQUAL	REGX_LargeExposureReport_suite___expected_rows	
EQUAL	REGX_LeverageRatioReport_suite___expected_rows	
VALUES	REGX_LiquidityCoverageReport_suite___expected_rows	engine has ['[["ackHours", -3], ["authority", "ESMA"], ["recordCount", 2329], ["rejectionReason", null], ["reportType", "LIQUIDITY_COVERAGE"], ["submissionId", "REG-00017"]]']; lite has ['[["ackHours", -2], ["authority", "ESMA"], ["recordCount", 2329], ["rejectionReason", null], ["reportType", "LIQUIDITY_COVERAGE"], ["submissionId", "REG-00017"]]']
EQUAL	REGX_MasOtcReport_suite___expected_rows	
EQUAL	REGX_MifidTradeReport_suite___expected_rows	
EQUAL	REGX_MifidTransactionReport_suite___expected_rows	
EQUAL	REGX_NetStableFundingReport_suite___expected_rows	
EQUAL	REGX_PillarThreeDisclosure_suite___expected_rows	
EQUAL	REGX_RecoveryResolutionSubmission_suite___expected_rows	
EQUAL	REGX_RegreportingBestExecutionReport_suite___expected_rows	
EQUAL	REGX_SecThirteenFReport_suite___expected_rows	
EQUAL	REGX_SftrReport_suite___expected_rows	
EQUAL	REGX_ShortSellingDisclosure_suite___expected_rows	
EQUAL	REGX_TransactionCostDisclosure_suite___expected_rows	
EQUAL	REPX_All_suite___expected_rows	
EQUAL	REPX_ClassicRepo_suite___expected_rows	
EQUAL	REPX_ClearedRepo_suite___expected_rows	
EQUAL	REPX_CrossCurrencyRepo_suite___expected_rows	
EQUAL	REPX_EvergreenRepo_suite___expected_rows	
EQUAL	REPX_ExtendibleRepo_suite___expected_rows	
EQUAL	REPX_FloatingRateRepo_suite___expected_rows	
EQUAL	REPX_OpenRepo_suite___expected_rows	
EQUAL	REPX_PledgeStructureRepo_suite___expected_rows	
EQUAL	REPX_RepoFailCharge_suite___expected_rows	
EQUAL	REPX_RepoToMaturity_suite___expected_rows	
EQUAL	REPX_RepotypesBuySellBack_suite___expected_rows	
EQUAL	REPX_RepotypesGeneralCollateralRepo_suite___expected_rows	
EQUAL	REPX_RepotypesReverseRepo_suite___expected_rows	
EQUAL	REPX_RepotypesSellBuyBack_suite___expected_rows	
EQUAL	REPX_SpecialsRepo_suite___expected_rows	
EQUAL	REPX_TripartyRepo_suite___expected_rows	
EQUAL	RGMX_All_suite___expected_rows	
EQUAL	RGMX_BaselThreePointOne_suite___expected_rows	
EQUAL	RGMX_BenchmarksRegulation_suite___expected_rows	
EQUAL	RGMX_CsdrRegime_suite___expected_rows	
EQUAL	RGMX_DoddFrankRegime_suite___expected_rows	
EQUAL	RGMX_DoraRegime_suite___expected_rows	
EQUAL	RGMX_EmirRegime_suite___expected_rows	
EQUAL	RGMX_FrtbRegime_suite___expected_rows	
EQUAL	RGMX_IrrbbRegime_suite___expected_rows	
EQUAL	RGMX_LiquidityRatioRegime_suite___expected_rows	
EQUAL	RGMX_MarketAbuseRegulation_suite___expected_rows	
EQUAL	RGMX_MifidTwoRegime_suite___expected_rows	
EQUAL	RGMX_PriipsRegime_suite___expected_rows	
EQUAL	RGMX_RecoveryResolutionRegime_suite___expected_rows	
EQUAL	RGMX_SfdrRegime_suite___expected_rows	
EQUAL	RGMX_SftrRegime_suite___expected_rows	
EQUAL	RGMX_UnclearedMarginRules_suite___expected_rows	
EQUAL	RTXX_All_suite___expected_rows	
EQUAL	RTXX_CancellableSwap_suite___expected_rows	
EQUAL	RTXX_FlattenerNote_suite___expected_rows	
EQUAL	RTXX_InverseFloater_suite___expected_rows	
EQUAL	RTXX_LeveragedFloater_suite___expected_rows	
EQUAL	RTXX_RangeAccrualNote_suite___expected_rows	
EQUAL	RTXX_RatchetCap_suite___expected_rows	
EQUAL	RTXX_RatesexoticsBermudanSwaption_suite___expected_rows	
EQUAL	RTXX_RatesexoticsCallableRangeAccrual_suite___expected_rows	
EQUAL	RTXX_RatesexoticsCmsSpreadOption_suite___expected_rows	
EQUAL	RTXX_RatesexoticsConstantMaturitySwap_suite___expected_rows	
EQUAL	RTXX_RatesexoticsDigitalCap_suite___expected_rows	
EQUAL	RTXX_RatesexoticsZeroCouponSwap_suite___expected_rows	
EQUAL	RTXX_SnowballNote_suite___expected_rows	
EQUAL	RTXX_SpreadLockAgreement_suite___expected_rows	
EQUAL	RTXX_SteepenerNote_suite___expected_rows	
EQUAL	RTXX_TargetRedemptionNote_suite___expected_rows	
EQUAL	SC0_ScheduleAsOf_suite___expected_rows	
EQUAL	SC1_ScheduleAsOf_suite___expected_rows	
EQUAL	SC2_ScheduleAsOf_suite___expected_rows	
EQUAL	SECX_All_suite___expected_rows	
EQUAL	SECX_AmortisationTriggerItem_suite___expected_rows	
EQUAL	SECX_EquityTranche_suite___expected_rows	
EQUAL	SECX_InterestOnlyStrip_suite___expected_rows	
EQUAL	SECX_JuniorBbTranche_suite___expected_rows	
EQUAL	SECX_LiquidityFacilityItem_suite___expected_rows	
EQUAL	SECX_MezzanineAaTranche_suite___expected_rows	
EQUAL	SECX_MezzanineBbbTranche_suite___expected_rows	
EQUAL	SECX_PlannedAmortisationClass_suite___expected_rows	
EQUAL	SECX_PrincipalOnlyStrip_suite___expected_rows	
EQUAL	SECX_ProRataClass_suite___expected_rows	
EQUAL	SECX_RetainedRiskStrip_suite___expected_rows	
EQUAL	SECX_RevolvingPeriodItem_suite___expected_rows	
EQUAL	SECX_SeniorAaaTranche_suite___expected_rows	
EQUAL	SECX_SequentialPayClass_suite___expected_rows	
EQUAL	SECX_ServicerAdvanceItem_suite___expected_rows	
EQUAL	SECX_SupportClass_suite___expected_rows	
EQUAL	SHOX_All_suite___expected_rows	
EQUAL	SHOX_BorrowRecallNotice_suite___expected_rows	
EQUAL	SHOX_CoveredShortPosition_suite___expected_rows	
EQUAL	SHOX_HardToBorrowItem_suite___expected_rows	
EQUAL	SHOX_LocateRecord_suite___expected_rows	
EQUAL	SHOX_MarketMakerExemptPosition_suite___expected_rows	
EQUAL	SHOX_NakedShortPosition_suite___expected_rows	
EQUAL	SHOX_PrivateNetShortNotification_suite___expected_rows	
EQUAL	SHOX_PublicNetShortDisclosure_suite___expected_rows	
EQUAL	SHOX_ShortBuyIn_suite___expected_rows	
EQUAL	SHOX_ShortCircuitBreaker_suite___expected_rows	
EQUAL	SHOX_ShortSellingBan_suite___expected_rows	
EQUAL	SHOX_ShortSettlementFail_suite___expected_rows	
EQUAL	SHOX_SovereignShortPosition_suite___expected_rows	
EQUAL	SHOX_SpecialBorrowRate_suite___expected_rows	
EQUAL	SHOX_SyntheticShortPosition_suite___expected_rows	
EQUAL	SHOX_UncoveredSovereignCds_suite___expected_rows	
EQUAL	SLEX_AgencyLendingArrangement_suite___expected_rows	
EQUAL	SLEX_All_suite___expected_rows	
EQUAL	SLEX_BorrowerDefaultIndemnity_suite___expected_rows	
EQUAL	SLEX_CashCollateralLoan_suite___expected_rows	
EQUAL	SLEX_CashReinvestmentPool_suite___expected_rows	
EQUAL	SLEX_ExclusiveLendingArrangement_suite___expected_rows	
EQUAL	SLEX_IntrinsicValueLoan_suite___expected_rows	
EQUAL	SLEX_LendingBuyIn_suite___expected_rows	
EQUAL	SLEX_LendingRecall_suite___expected_rows	
EQUAL	SLEX_ManufacturedDividend_suite___expected_rows	
EQUAL	SLEX_NonCashCollateralLoan_suite___expected_rows	
EQUAL	SLEX_OpenSecuritiesLoan_suite___expected_rows	
EQUAL	SLEX_PrincipalLendingArrangement_suite___expected_rows	
EQUAL	SLEX_RebateRateItem_suite___expected_rows	
EQUAL	SLEX_TaxArbitrageFlag_suite___expected_rows	
EQUAL	SLEX_TermSecuritiesLoan_suite___expected_rows	
EQUAL	SLEX_UtilisationRateItem_suite___expected_rows	
EQUAL	SLX_AgencyLoan_suite___expected_rows	
EQUAL	SLX_All_suite___expected_rows	
EQUAL	SLX_BondSecurityLoan_suite___expected_rows	
EQUAL	SLX_EquitySecurityLoan_suite___expected_rows	
EQUAL	SLX_ExclusiveLoan_suite___expected_rows	
EQUAL	SLX_LoanRecall_suite___expected_rows	
EQUAL	SLX_LoanReturn_suite___expected_rows	
EQUAL	SLX_MarginLoan_suite___expected_rows	
EQUAL	SLX_OpenSecurityLoan_suite___expected_rows	
EQUAL	SLX_PrincipalLoan_suite___expected_rows	
EQUAL	SLX_RebateAdjustment_suite___expected_rows	
EQUAL	SLX_SeclendingBuySellBack_suite___expected_rows	
EQUAL	SLX_SeclendingCollateralDowngradeTrade_suite___expected_rows	
EQUAL	SLX_SeclendingCollateralUpgradeTrade_suite___expected_rows	
EQUAL	SLX_SeclendingGeneralCollateralRepo_suite___expected_rows	
EQUAL	SLX_SeclendingReverseRepo_suite___expected_rows	
EQUAL	SLX_SeclendingSellBuyBack_suite___expected_rows	
EQUAL	SLX_SpecialRepo_suite___expected_rows	
EQUAL	SLX_SyntheticSecurityLoan_suite___expected_rows	
EQUAL	SLX_TermSecurityLoan_suite___expected_rows	
EQUAL	SLX_TriPartyRepo_suite___expected_rows	
EQUAL	SNWX_ActivelyManagedCertificate_suite___expected_rows	
EQUAL	SNWX_All_suite___expected_rows	
EQUAL	SNWX_BonusCertificate_suite___expected_rows	
EQUAL	SNWX_CoveredWarrant_suite___expected_rows	
EQUAL	SNWX_DeltaOneNote_suite___expected_rows	
EQUAL	SNWX_EuroMediumTermNote_suite___expected_rows	
EQUAL	SNWX_FundLinkedNote_suite___expected_rows	
EQUAL	SNWX_InsuranceWrappedNote_suite___expected_rows	
EQUAL	SNWX_LeveragedExchangeTradedNote_suite___expected_rows	
EQUAL	SNWX_PartiallyProtectedNote_suite___expected_rows	
EQUAL	SNWX_PensionWrappedNote_suite___expected_rows	
EQUAL	SNWX_PrincipalProtectedNote_suite___expected_rows	
EQUAL	SNWX_RepackagingVehicle_suite___expected_rows	
EQUAL	SNWX_ReverseConvertibleNote_suite___expected_rows	
EQUAL	SNWX_StructuredCertificate_suite___expected_rows	
EQUAL	SNWX_StructuredDeposit_suite___expected_rows	
EQUAL	SNWX_UsMediumTermNote_suite___expected_rows	
EQUAL	SP_ComboC9Group_suite___expected_rows	
EQUAL	SP_ComboScopedGraph_suite___expected_rows	
EQUAL	SP_InlineFlatTradeGroup_suite___expected_rows	
ENGINE-ONLY	SP_IssuerProdIssuerGraph_suite___expected_rows	
EQUAL	SP_JoinTradeGroup_suite___expected_rows	
EQUAL	SP_OtherwiseTradeGroup_suite___expected_rows	
EQUAL	SP_defClearedTradeEmpty_suite___expected_rows	
EQUAL	SP_defCuConversionGroup_suite___expected_rows	
EQUAL	SP_defCurvePointGroup_suite___expected_rows	
EQUAL	SP_defCurveSummaryGraph_suite___expected_rows	
EQUAL	SP_defCurveSummaryGroup_suite___expected_rows	
EQUAL	SP_defDailyPnLEmpty_suite___expected_rows	
EQUAL	SP_defExemptionRuleCount_suite___expected_rows	
EQUAL	SP_defExposureLineGroup_suite___expected_rows	
EQUAL	SP_defHistTradeGroup_suite___expected_rows	
EQUAL	SP_defPricedTradeGroup_suite___expected_rows	
EQUAL	SP_defReportableLineGraph_suite___expected_rows	
EQUAL	SP_defReturnHeaderFilter_suite___expected_rows	
EQUAL	SP_defTradeCount_suite___expected_rows	
EQUAL	SP_defYieldCurveCount_suite___expected_rows	
EQUAL	SP_defYieldCurveEmpty_suite___expected_rows	
EQUAL	SRCX_All_suite___expected_rows	
EQUAL	SRCX_AuctionPriceSource_suite___expected_rows	
EQUAL	SRCX_BenchmarkFixingSource_suite___expected_rows	
EQUAL	SRCX_BrokerQuoteSource_suite___expected_rows	
EQUAL	SRCX_ClearingHouseSettlementSource_suite___expected_rows	
EQUAL	SRCX_ConsensusServiceSource_suite___expected_rows	
EQUAL	SRCX_ConsolidatedTapeSource_suite___expected_rows	
EQUAL	SRCX_EvaluatedPriceSource_suite___expected_rows	
EQUAL	SRCX_ExchangeFeedSource_suite___expected_rows	
EQUAL	SRCX_ExecutableQuoteSource_suite___expected_rows	
EQUAL	SRCX_InternalMarkSource_suite___expected_rows	
EQUAL	SRCX_IpvAdjustedSource_suite___expected_rows	
EQUAL	SRCX_MatrixPriceSource_suite___expected_rows	
EQUAL	SRCX_ModelPriceSource_suite___expected_rows	
EQUAL	SRCX_NavPriceSource_suite___expected_rows	
EQUAL	SRCX_StaleCarryForwardSource_suite___expected_rows	
EQUAL	SRCX_VendorCompositeSource_suite___expected_rows	
EQUAL	SRVX_All_suite___expected_rows	
EQUAL	SRVX_BenchmarkManipulationAlert_suite___expected_rows	
EQUAL	SRVX_CommunicationFlagAlert_suite___expected_rows	
EQUAL	SRVX_CrossMarketAlert_suite___expected_rows	
EQUAL	SRVX_FrontRunningAlert_suite___expected_rows	
EQUAL	SRVX_InsiderDealingAlert_suite___expected_rows	
EQUAL	SRVX_LayeringAlert_suite___expected_rows	
EQUAL	SRVX_MarkingTheCloseAlert_suite___expected_rows	
EQUAL	SRVX_MomentumIgnitionAlert_suite___expected_rows	
EQUAL	SRVX_OffMarketTransferAlert_suite___expected_rows	
EQUAL	SRVX_PersonalAccountDealingAlert_suite___expected_rows	
EQUAL	SRVX_PriceOutlierAlert_suite___expected_rows	
EQUAL	SRVX_QuoteStuffingAlert_suite___expected_rows	
EQUAL	SRVX_RestrictedListBreachAlert_suite___expected_rows	
EQUAL	SRVX_SpoofingAlert_suite___expected_rows	
EQUAL	SRVX_UnusualProfitAlert_suite___expected_rows	
EQUAL	SRVX_WashTradeAlert_suite___expected_rows	
EQUAL	STTX_All_suite___expected_rows	
EQUAL	STTX_ClimatePhysicalScenario_suite___expected_rows	
EQUAL	STTX_ClimateTransitionScenario_suite___expected_rows	
EQUAL	STTX_CreditSpreadWidening_suite___expected_rows	
EQUAL	STTX_CurrencyDevaluationScenario_suite___expected_rows	
EQUAL	STTX_CyberOperationalScenario_suite___expected_rows	
EQUAL	STTX_EquityCrashScenario_suite___expected_rows	
EQUAL	STTX_HistoricalCrisisScenario_suite___expected_rows	
EQUAL	STTX_IdiosyncraticScenario_suite___expected_rows	
EQUAL	STTX_InternalSevereScenario_suite___expected_rows	
EQUAL	STTX_LiquidityRunScenario_suite___expected_rows	
EQUAL	STTX_PandemicScenario_suite___expected_rows	
EQUAL	STTX_ParallelRateShockUp_suite___expected_rows	
EQUAL	STTX_RegulatoryAdverseScenario_suite___expected_rows	
EQUAL	STTX_RegulatoryBaselineScenario_suite___expected_rows	
EQUAL	STTX_ReverseStressTest_suite___expected_rows	
EQUAL	STTX_SteepenerShock_suite___expected_rows	
EQUAL	SWFX_All_suite___expected_rows	
EQUAL	SWFX_ConfirmationOfDebit_suite___expected_rows	
EQUAL	SWFX_CorporateActionConfirmation_suite___expected_rows	
EQUAL	SWFX_CorporateActionNotification_suite___expected_rows	
EQUAL	SWFX_CoverPaymentMessage_suite___expected_rows	
EQUAL	SWFX_DeliverAgainstPayment_suite___expected_rows	
EQUAL	SWFX_DeliverFreeInstruction_suite___expected_rows	
EQUAL	SWFX_FixedLoanDepositConfirmation_suite___expected_rows	
EQUAL	SWFX_ForeignExchangeConfirmation_suite___expected_rows	
EQUAL	SWFX_GeneralFinancialInstitutionTransfer_suite___expected_rows	
EQUAL	SWFX_IsoTwentyTwoTwoCreditTransfer_suite___expected_rows	
EQUAL	SWFX_NoticeToReceive_suite___expected_rows	
EQUAL	SWFX_ReceiveAgainstPayment_suite___expected_rows	
EQUAL	SWFX_ReceiveFreeInstruction_suite___expected_rows	
EQUAL	SWFX_SettlementStatusAdvice_suite___expected_rows	
EQUAL	SWFX_SingleCustomerCreditTransfer_suite___expected_rows	
EQUAL	SWFX_StatementMessage_suite___expected_rows	
EQUAL	TAXX_All_suite___expected_rows	
EQUAL	TAXX_CapitalGainsRegime_suite___expected_rows	
EQUAL	TAXX_CommonReportingStandard_suite___expected_rows	
EQUAL	TAXX_Dac6Regime_suite___expected_rows	
EQUAL	TAXX_FatcaRegime_suite___expected_rows	
EQUAL	TAXX_FrenchFttRegime_suite___expected_rows	
EQUAL	TAXX_GermanWithholdingRegime_suite___expected_rows	
EQUAL	TAXX_IrishWithholdingRegime_suite___expected_rows	
EQUAL	TAXX_ItalianFttRegime_suite___expected_rows	
EQUAL	TAXX_JapaneseWithholdingRegime_suite___expected_rows	
EQUAL	TAXX_LuxembourgFundRegime_suite___expected_rows	
EQUAL	TAXX_QualifiedIntermediaryRegime_suite___expected_rows	
EQUAL	TAXX_SpanishFttRegime_suite___expected_rows	
EQUAL	TAXX_SwissWithholdingRegime_suite___expected_rows	
EQUAL	TAXX_TransferPricingRegime_suite___expected_rows	
EQUAL	TAXX_TreatyReliefRegime_suite___expected_rows	
EQUAL	TAXX_UkStampDutyRegime_suite___expected_rows	
EQUAL	TAXX_UsWithholdingRegime_suite___expected_rows	
EQUAL	TAXX_VatOnFinancialServices_suite___expected_rows	
EQUAL	TFIX_All_suite___expected_rows	
EQUAL	TFIX_AvalisedDraft_suite___expected_rows	
EQUAL	TFIX_BackToBackLetterOfCredit_suite___expected_rows	
EQUAL	TFIX_BankGuarantee_suite___expected_rows	
EQUAL	TFIX_ConfirmedLetterOfCredit_suite___expected_rows	
EQUAL	TFIX_DiscrepantPresentation_suite___expected_rows	
EQUAL	TFIX_DocumentaryCollection_suite___expected_rows	
EQUAL	TFIX_ExportCreditAgencyCover_suite___expected_rows	
EQUAL	TFIX_ForfaitingItem_suite___expected_rows	
EQUAL	TFIX_PerformanceBond_suite___expected_rows	
EQUAL	TFIX_PreExportFinance_suite___expected_rows	
EQUAL	TFIX_ReceivablesPurchase_suite___expected_rows	
EQUAL	TFIX_SightLetterOfCredit_suite___expected_rows	
EQUAL	TFIX_StandbyLetterOfCredit_suite___expected_rows	
EQUAL	TFIX_SupplyChainFinanceItem_suite___expected_rows	
EQUAL	TFIX_TransferableLetterOfCredit_suite___expected_rows	
EQUAL	TFIX_UsanceLetterOfCredit_suite___expected_rows	
EQUAL	TLMX_All_suite___expected_rows	
EQUAL	TLMX_AverageCost_suite___expected_rows	
EQUAL	TLMX_CorporateActionBasisAdjustment_suite___expected_rows	
EQUAL	TLMX_FirstInFirstOut_suite___expected_rows	
EQUAL	TLMX_GiftedBasis_suite___expected_rows	
EQUAL	TLMX_HighestCostFirst_suite___expected_rows	
EQUAL	TLMX_InheritedBasis_suite___expected_rows	
EQUAL	TLMX_LastInFirstOut_suite___expected_rows	
EQUAL	TLMX_LongTermFirst_suite___expected_rows	
EQUAL	TLMX_LowestCostFirst_suite___expected_rows	
EQUAL	TLMX_MarkToMarketElection_suite___expected_rows	
EQUAL	TLMX_MinimiseTaxAlgorithm_suite___expected_rows	
EQUAL	TLMX_ReturnOfCapitalAdjustment_suite___expected_rows	
EQUAL	TLMX_ShortTermFirst_suite___expected_rows	
EQUAL	TLMX_SpecificIdentification_suite___expected_rows	
EQUAL	TLMX_UnknownBasisLot_suite___expected_rows	
EQUAL	TLMX_WashSaleAdjusted_suite___expected_rows	
EQUAL	TM_BookEmpty_suite___expected_rows	
EQUAL	TM_CgCountryEmpty_suite___expected_rows	
EQUAL	TM_CollateralAgreementEmpty_suite___expected_rows	
EQUAL	TM_CounterpartyCounterpartyEmpty_suite___expected_rows	
EQUAL	TM_DailyPnLEmpty_suite___expected_rows	
EQUAL	TM_PrimeBrokerAccountEmpty_suite___expected_rows	
EQUAL	TM_ProductsInstrumentEmpty_suite___expected_rows	
EQUAL	TM_TradeEmpty_suite___expected_rows	
EQUAL	TRFX_All_suite___expected_rows	
EQUAL	TRFX_BuyerIdentification_suite___expected_rows	
EQUAL	TRFX_CommodityDerivativeIndicator_suite___expected_rows	
EQUAL	TRFX_ExecutingEntityIdentifier_suite___expected_rows	
EQUAL	TRFX_ExecutionDecisionMaker_suite___expected_rows	
EQUAL	TRFX_InvestmentDecisionMaker_suite___expected_rows	
EQUAL	TRFX_OtcPostTradeIndicator_suite___expected_rows	
EQUAL	TRFX_PriceField_suite___expected_rows	
EQUAL	TRFX_QuantityField_suite___expected_rows	
EQUAL	TRFX_RejectionFeedbackItem_suite___expected_rows	
EQUAL	TRFX_SecuritiesFinancingIndicator_suite___expected_rows	
EQUAL	TRFX_SellerIdentification_suite___expected_rows	
EQUAL	TRFX_ShortSellingIndicator_suite___expected_rows	
EQUAL	TRFX_TradingCapacityField_suite___expected_rows	
EQUAL	TRFX_TradingDateTimeField_suite___expected_rows	
EQUAL	TRFX_VenueField_suite___expected_rows	
EQUAL	TRFX_WaiverIndicator_suite___expected_rows	
EQUAL	TXB_All_suite___expected_rows	
EQUAL	TXB_CollateralBreak_suite___expected_rows	
EQUAL	TXB_ConfirmationBreak_suite___expected_rows	
EQUAL	TXB_EconomicBreak_suite___expected_rows	
EQUAL	TXB_ReferenceDataBreak_suite___expected_rows	
EQUAL	TXB_SettlementBreak_suite___expected_rows	
EQUAL	TXB_ValuationBreak_suite___expected_rows	
EQUAL	TXC_Acquisition_suite___expected_rows	
EQUAL	TXC_All_suite___expected_rows	
EQUAL	TXC_Bankruptcy_suite___expected_rows	
EQUAL	TXC_CapitalReturn_suite___expected_rows	
EQUAL	TXC_Conversion_suite___expected_rows	
EQUAL	TXC_CorpactionsBonusIssue_suite___expected_rows	
EQUAL	TXC_CorpactionsCashDividend_suite___expected_rows	
EQUAL	TXC_CorpactionsConsentSolicitation_suite___expected_rows	
EQUAL	TXC_CorpactionsDelisting_suite___expected_rows	
EQUAL	TXC_CorpactionsNameChange_suite___expected_rows	
EQUAL	TXC_CorpactionsRightsIssue_suite___expected_rows	
EQUAL	TXC_CorpactionsSchemeOfArrangement_suite___expected_rows	
EQUAL	TXC_CorpactionsSpecialDividend_suite___expected_rows	
EQUAL	TXC_CorpactionsStockDividend_suite___expected_rows	
EQUAL	TXC_CorpactionsStockSplit_suite___expected_rows	
EQUAL	TXC_CorpactionsTenderOffer_suite___expected_rows	
EQUAL	TXC_CouponPaymentAction_suite___expected_rows	
EQUAL	TXC_Demerger_suite___expected_rows	
EQUAL	TXC_DividendReinvestmentPlan_suite___expected_rows	
EQUAL	TXC_ExchangeOffer_suite___expected_rows	
EQUAL	TXC_HolderPut_suite___expected_rows	
EQUAL	TXC_IsinChange_suite___expected_rows	
EQUAL	TXC_IssuerCall_suite___expected_rows	
EQUAL	TXC_Liquidation_suite___expected_rows	
EQUAL	TXC_Merger_suite___expected_rows	
EQUAL	TXC_OpenOffer_suite___expected_rows	
EQUAL	TXC_PartialRedemption_suite___expected_rows	
EQUAL	TXC_Redemption_suite___expected_rows	
EQUAL	TXC_ReturnOfCapital_suite___expected_rows	
EQUAL	TXC_ReverseStockSplit_suite___expected_rows	
EQUAL	TXC_ScripDividend_suite___expected_rows	
EQUAL	TXC_Spinoff_suite___expected_rows	
EQUAL	TXC_WarrantExercise_suite___expected_rows	
EQUAL	TXE_All_suite___expected_rows	
EQUAL	TXE_AmendmentEvent_suite___expected_rows	
EQUAL	TXE_CompressionEvent_suite___expected_rows	
EQUAL	TXE_CreditEventEvent_suite___expected_rows	
EQUAL	TXE_ExerciseEvent_suite___expected_rows	
EQUAL	TXE_FixingEvent_suite___expected_rows	
EQUAL	TXE_FullTerminationEvent_suite___expected_rows	
EQUAL	TXE_IncreaseEvent_suite___expected_rows	
EQUAL	TXE_NewTradeEvent_suite___expected_rows	
EQUAL	TXE_NovationEvent_suite___expected_rows	
EQUAL	TXE_PartialTerminationEvent_suite___expected_rows	
EQUAL	TXE_RateResetEvent_suite___expected_rows	
EQUAL	TXI_All_suite___expected_rows	
EQUAL	TXI_MatchedItem_suite___expected_rows	
EQUAL	TXI_UnmatchedLedgerItem_suite___expected_rows	
EQUAL	TXI_UnmatchedStatementItem_suite___expected_rows	
EQUAL	TXI_ValueDateMismatchItem_suite___expected_rows	
EQUAL	TXM_AgencyBond_suite___expected_rows	
EQUAL	TXM_All_suite___expected_rows	
EQUAL	TXM_AmericanDepositaryReceipt_suite___expected_rows	
EQUAL	TXM_AssetBackedSecurity_suite___expected_rows	
EQUAL	TXM_CollateralisedLoanObligation_suite___expected_rows	
EQUAL	TXM_CommercialPaper_suite___expected_rows	
EQUAL	TXM_CoveredBond_suite___expected_rows	
EQUAL	TXM_DepositaryInterest_suite___expected_rows	
EQUAL	TXM_ExchangeTradedNote_suite___expected_rows	
EQUAL	TXM_FloatingRateNote_suite___expected_rows	
EQUAL	TXM_FutureContract_suite___expected_rows	
EQUAL	TXM_GlobalDepositaryReceipt_suite___expected_rows	
EQUAL	TXM_HighYieldBond_suite___expected_rows	
EQUAL	TXM_InflationLinkedBond_suite___expected_rows	
EQUAL	TXM_ListedOption_suite___expected_rows	
EQUAL	TXM_MasterLimitedPartnership_suite___expected_rows	
EQUAL	TXM_MoneyMarketFundUnit_suite___expected_rows	
EQUAL	TXM_MortgageBackedSecurity_suite___expected_rows	
EQUAL	TXM_MunicipalBond_suite___expected_rows	
EQUAL	TXM_MutualFundUnit_suite___expected_rows	
EQUAL	TXM_PerpetualBond_suite___expected_rows	
EQUAL	TXM_RealEstateInvestmentTrust_suite___expected_rows	
EQUAL	TXM_RepurchaseAgreementSecurity_suite___expected_rows	
EQUAL	TXM_SecuritiesCertificateOfDeposit_suite___expected_rows	
EQUAL	TXM_SecuritiesClosedEndFund_suite___expected_rows	
EQUAL	TXM_SecuritiesCommonStock_suite___expected_rows	
EQUAL	TXM_SecuritiesConvertibleBond_suite___expected_rows	
EQUAL	TXM_SecuritiesCorporateBond_suite___expected_rows	
EQUAL	TXM_SecuritiesExchangeTradedFund_suite___expected_rows	
EQUAL	TXM_SecuritiesGovernmentBond_suite___expected_rows	
EQUAL	TXM_SecuritiesPreferredStock_suite___expected_rows	
EQUAL	TXM_SecuritiesWarrant_suite___expected_rows	
EQUAL	TXM_StructuredNoteSecurity_suite___expected_rows	
EQUAL	TXM_SubordinatedNote_suite___expected_rows	
EQUAL	TXM_SubscriptionRight_suite___expected_rows	
EQUAL	TXM_TreasuryBill_suite___expected_rows	
EQUAL	TXM_ZeroCouponBond_suite___expected_rows	
EQUAL	TXO_AllOrNoneOrder_suite___expected_rows	
EQUAL	TXO_All_suite___expected_rows	
EQUAL	TXO_AtTheOpenOrder_suite___expected_rows	
EQUAL	TXO_CloseAuctionAlgo_suite___expected_rows	
EQUAL	TXO_DarkAggregatorAlgo_suite___expected_rows	
EQUAL	TXO_DayOrder_suite___expected_rows	
EQUAL	TXO_GoodTillDateOrder_suite___expected_rows	
EQUAL	TXO_HiddenOrder_suite___expected_rows	
EQUAL	TXO_ImplementationShortfallAlgo_suite___expected_rows	
EQUAL	TXO_LimitOnClose_suite___expected_rows	
EQUAL	TXO_LiquiditySeekingAlgo_suite___expected_rows	
EQUAL	TXO_MarketOnClose_suite___expected_rows	
EQUAL	TXO_MarketOnOpen_suite___expected_rows	
EQUAL	TXO_OrdersFillOrKillOrder_suite___expected_rows	
EQUAL	TXO_OrdersGoodTillCancelledOrder_suite___expected_rows	
EQUAL	TXO_OrdersIcebergOrder_suite___expected_rows	
EQUAL	TXO_OrdersImmediateOrCancelOrder_suite___expected_rows	
EQUAL	TXO_OrdersLimitOrder_suite___expected_rows	
EQUAL	TXO_OrdersMarketOrder_suite___expected_rows	
EQUAL	TXO_OrdersMidpointPegOrder_suite___expected_rows	
EQUAL	TXO_OrdersStopLimitOrder_suite___expected_rows	
EQUAL	TXO_PeggedOrder_suite___expected_rows	
EQUAL	TXO_PercentOfVolumeAlgo_suite___expected_rows	
EQUAL	TXO_StopOrder_suite___expected_rows	
EQUAL	TXO_TwapAlgo_suite___expected_rows	
EQUAL	TXO_VwapAlgo_suite___expected_rows	
EQUAL	TXP_All_suite___expected_rows	
EQUAL	TXP_BookTransferPayment_suite___expected_rows	
EQUAL	TXP_FedwirePayment_suite___expected_rows	
EQUAL	TXP_SwiftMt202Payment_suite___expected_rows	
EQUAL	TXP_Target2Payment_suite___expected_rows	
EQUAL	TXR_All_suite___expected_rows	
EQUAL	TXR_ExpectedShortfall_suite___expected_rows	
EQUAL	TXR_HistoricalVar_suite___expected_rows	
EQUAL	TXR_MonteCarloVar_suite___expected_rows	
EQUAL	TXR_ParametricVar_suite___expected_rows	
EQUAL	TXR_PotentialFutureExposure_suite___expected_rows	
EQUAL	TXR_RiskCreditValuationAdjustment_suite___expected_rows	
EQUAL	TXR_RiskDebitValuationAdjustment_suite___expected_rows	
EQUAL	TXR_RiskFundingValuationAdjustment_suite___expected_rows	
EQUAL	TXR_StressedVar_suite___expected_rows	
EQUAL	TXS_All_suite___expected_rows	
EQUAL	TXS_CommodityDeltaSensitivity_suite___expected_rows	
EQUAL	TXS_Cs01Sensitivity_suite___expected_rows	
EQUAL	TXS_Dv01Sensitivity_suite___expected_rows	
EQUAL	TXS_EquityDeltaSensitivity_suite___expected_rows	
EQUAL	TXS_FxDeltaSensitivity_suite___expected_rows	
EQUAL	TXS_VegaSensitivity_suite___expected_rows	
EQUAL	TX_AccretingSwap_suite___expected_rows	
EQUAL	TX_All_suite___expected_rows	
EQUAL	TX_AmortisingSwap_suite___expected_rows	
EQUAL	TX_ArrearsSwap_suite___expected_rows	
EQUAL	TX_Autocallable_suite___expected_rows	
EQUAL	TX_BasisSwap_suite___expected_rows	
EQUAL	TX_BasketOption_suite___expected_rows	
EQUAL	TX_CallableSwap_suite___expected_rows	
EQUAL	TX_CdsTranche_suite___expected_rows	
EQUAL	TX_Cliquet_suite___expected_rows	
EQUAL	TX_CommodityAsianOption_suite___expected_rows	
EQUAL	TX_CommodityOption_suite___expected_rows	
EQUAL	TX_CommoditySpreadOption_suite___expected_rows	
EQUAL	TX_CommoditySwap_suite___expected_rows	
EQUAL	TX_ConvertibleAssetSwap_suite___expected_rows	
EQUAL	TX_CreditIndexTrade_suite___expected_rows	
EQUAL	TX_CrossCurrencySwap_suite___expected_rows	
EQUAL	TX_DerivativesBermudanSwaption_suite___expected_rows	
EQUAL	TX_DerivativesCallableRangeAccrual_suite___expected_rows	
EQUAL	TX_DerivativesCmsSpreadOption_suite___expected_rows	
EQUAL	TX_DerivativesConstantMaturityCds_suite___expected_rows	
EQUAL	TX_DerivativesConstantMaturitySwap_suite___expected_rows	
EQUAL	TX_DerivativesCorridorVarianceSwap_suite___expected_rows	
EQUAL	TX_DerivativesCreditDefaultSwap_suite___expected_rows	
EQUAL	TX_DerivativesCreditLinkedNote_suite___expected_rows	
EQUAL	TX_DerivativesDigitalCap_suite___expected_rows	
EQUAL	TX_DerivativesFirstToDefaultBasket_suite___expected_rows	
EQUAL	TX_DerivativesFreightForwardAgreement_suite___expected_rows	
EQUAL	TX_DerivativesInterestRateSwap_suite___expected_rows	
EQUAL	TX_DerivativesLoanCds_suite___expected_rows	
EQUAL	TX_DerivativesLongevitySwap_suite___expected_rows	
EQUAL	TX_DerivativesNthToDefaultBasket_suite___expected_rows	
EQUAL	TX_DerivativesRainbowOption_suite___expected_rows	
EQUAL	TX_DerivativesRecoverySwap_suite___expected_rows	
EQUAL	TX_DerivativesSovereignCds_suite___expected_rows	
EQUAL	TX_DerivativesVarianceSwap_suite___expected_rows	
EQUAL	TX_DerivativesWeatherDerivative_suite___expected_rows	
EQUAL	TX_DerivativesZeroCouponSwap_suite___expected_rows	
EQUAL	TX_DividendSwap_suite___expected_rows	
EQUAL	TX_EmissionsForward_suite___expected_rows	
EQUAL	TX_EquityLinkedNote_suite___expected_rows	
EQUAL	TX_EquityRepo_suite___expected_rows	
EQUAL	TX_EquitySwap_suite___expected_rows	
EQUAL	TX_EquityTotalReturnSwap_suite___expected_rows	
EQUAL	TX_ForwardRateAgreement_suite___expected_rows	
EQUAL	TX_FxAccumulator_suite___expected_rows	
EQUAL	TX_FxAsianOption_suite___expected_rows	
EQUAL	TX_FxBarrierOption_suite___expected_rows	
EQUAL	TX_FxDigital_suite___expected_rows	
EQUAL	TX_FxOption_suite___expected_rows	
EQUAL	TX_FxSwap_suite___expected_rows	
EQUAL	TX_FxTargetRedemptionForward_suite___expected_rows	
EQUAL	TX_GammaSwap_suite___expected_rows	
EQUAL	TX_InflationLinkedSwap_suite___expected_rows	
EQUAL	TX_InflationSwap_suite___expected_rows	
EQUAL	TX_InterestRateCap_suite___expected_rows	
EQUAL	TX_InterestRateCollar_suite___expected_rows	
EQUAL	TX_InterestRateFloor_suite___expected_rows	
EQUAL	TX_LookbackOption_suite___expected_rows	
EQUAL	TX_MidcurveSwaption_suite___expected_rows	
EQUAL	TX_MortgageTba_suite___expected_rows	
EQUAL	TX_NonDeliverableForward_suite___expected_rows	
EQUAL	TX_NonDeliverableSwap_suite___expected_rows	
EQUAL	TX_OtcEquityOption_suite___expected_rows	
EQUAL	TX_OvernightIndexSwap_suite___expected_rows	
EQUAL	TX_PowerReverseDualCurrency_suite___expected_rows	
EQUAL	TX_QuantoForward_suite___expected_rows	
EQUAL	TX_RangeAccrual_suite___expected_rows	
EQUAL	TX_ReverseConvertible_suite___expected_rows	
EQUAL	TX_RollercoasterSwap_suite___expected_rows	
EQUAL	TX_Swaption_suite___expected_rows	
EQUAL	TX_VolatilitySwap_suite___expected_rows	
EQUAL	U0_TradeWhole_suite___expected_rows	
EQUAL	U1_TradePartitioned_suite___expected_rows	
EQUAL	VALX_All_suite___expected_rows	
EQUAL	VALX_BachelierModel_suite___expected_rows	
EQUAL	VALX_BaseCorrelationModel_suite___expected_rows	
EQUAL	VALX_BinomialTreeModel_suite___expected_rows	
EQUAL	VALX_BlackScholesModel_suite___expected_rows	
EQUAL	VALX_BlackSeventySixModel_suite___expected_rows	
EQUAL	VALX_CoxIngersollRossModel_suite___expected_rows	
EQUAL	VALX_CubicSplineModel_suite___expected_rows	
EQUAL	VALX_DiscountedCashflowModel_suite___expected_rows	
EQUAL	VALX_FiniteDifferenceModel_suite___expected_rows	
EQUAL	VALX_GaussianCopulaModel_suite___expected_rows	
EQUAL	VALX_HazardRateModel_suite___expected_rows	
EQUAL	VALX_HeathJarrowMortonModel_suite___expected_rows	
EQUAL	VALX_HestonModel_suite___expected_rows	
EQUAL	VALX_HullWhiteModel_suite___expected_rows	
EQUAL	VALX_LiborMarketModel_suite___expected_rows	
EQUAL	VALX_LocalVolatilityModel_suite___expected_rows	
EQUAL	VALX_MonteCarloModel_suite___expected_rows	
EQUAL	VALX_NelsonSiegelModel_suite___expected_rows	
EQUAL	VALX_SabrModel_suite___expected_rows	
EQUAL	VALX_SvenssonModel_suite___expected_rows	
EQUAL	VALX_TrinomialTreeModel_suite___expected_rows	
EQUAL	VALX_VasicekModel_suite___expected_rows	
EQUAL	VENX_All_suite___expected_rows	
EQUAL	VENX_ApprovedPublicationArrangement_suite___expected_rows	
EQUAL	VENX_ApprovedReportingMechanism_suite___expected_rows	
EQUAL	VENX_CentralCounterparty_suite___expected_rows	
EQUAL	VENX_CentralSecuritiesDepository_suite___expected_rows	
EQUAL	VENX_ContinuousLinkedSettlement_suite___expected_rows	
EQUAL	VENX_DarkPoolVenue_suite___expected_rows	
EQUAL	VENX_InterdealerBrokerVenue_suite___expected_rows	
EQUAL	VENX_InternationalCsd_suite___expected_rows	
EQUAL	VENX_MultilateralTradingFacility_suite___expected_rows	
EQUAL	VENX_OrganisedTradingFacility_suite___expected_rows	
EQUAL	VENX_PaymentSystemVenue_suite___expected_rows	
EQUAL	VENX_PeriodicAuctionVenue_suite___expected_rows	
EQUAL	VENX_PrimeBrokerVenue_suite___expected_rows	
EQUAL	VENX_RegulatedMarketVenue_suite___expected_rows	
EQUAL	VENX_RequestForQuotePlatform_suite___expected_rows	
EQUAL	VENX_SwiftNetworkVenue_suite___expected_rows	
EQUAL	VENX_SystematicInternaliser_suite___expected_rows	
EQUAL	VENX_TradeRepositoryVenue_suite___expected_rows	
EQUAL	WLTX_AdvisoryMandate_suite___expected_rows	
EQUAL	WLTX_All_suite___expected_rows	
EQUAL	WLTX_ArtFinanceFacility_suite___expected_rows	
EQUAL	WLTX_AviationFinanceFacility_suite___expected_rows	
EQUAL	WLTX_ConcentratedStockSolution_suite___expected_rows	
EQUAL	WLTX_DiscretionaryMandate_suite___expected_rows	
EQUAL	WLTX_ExecutionOnlyRelationship_suite___expected_rows	
EQUAL	WLTX_FoundationStructure_suite___expected_rows	
EQUAL	WLTX_LifeInsuranceWrapper_suite___expected_rows	
EQUAL	WLTX_LombardLoan_suite___expected_rows	
EQUAL	WLTX_PhilanthropyVehicle_suite___expected_rows	
EQUAL	WLTX_PreIpoLiquidityFacility_suite___expected_rows	
EQUAL	WLTX_PrivateClientMortgage_suite___expected_rows	
EQUAL	WLTX_PrivateMarketsFeeder_suite___expected_rows	
EQUAL	WLTX_StructuredSolution_suite___expected_rows	
EQUAL	WLTX_SuccessionPlanItem_suite___expected_rows	
EQUAL	WLTX_TrustStructure_suite___expected_rows	
ENGINE-ONLY	X0_TradeExternalEntity_suite___expected_rows	
EQUAL	XVAX_All_suite___expected_rows	
EQUAL	XVAX_BidOfferReserve_suite___expected_rows	
EQUAL	XVAX_CapitalValuationAdjustment_suite___expected_rows	
EQUAL	XVAX_CloseOutCostAdjustment_suite___expected_rows	
EQUAL	XVAX_CollateralValuationAdjustment_suite___expected_rows	
EQUAL	XVAX_ConcentrationReserve_suite___expected_rows	
EQUAL	XVAX_DayOneProfitReserve_suite___expected_rows	
EQUAL	XVAX_EarlyTerminationAdjustment_suite___expected_rows	
EQUAL	XVAX_FutureAdministrativeCost_suite___expected_rows	
EQUAL	XVAX_HedgingCostAdjustment_suite___expected_rows	
EQUAL	XVAX_MarginValuationAdjustment_suite___expected_rows	
EQUAL	XVAX_ModelUncertaintyReserve_suite___expected_rows	
EQUAL	XVAX_PrudentValuationAdjustment_suite___expected_rows	
EQUAL	XVAX_ValuationadjCreditValuationAdjustment_suite___expected_rows	
EQUAL	XVAX_ValuationadjDebitValuationAdjustment_suite___expected_rows	
EQUAL	XVAX_ValuationadjFundingValuationAdjustment_suite___expected_rows	
EQUAL	XVAX_WrongWayRiskAdjustment_suite___expected_rows	
